"pid","male","yob","yod","f.pid","m.pid","patrilineal","area"
"2RNF",0,1909,NA,NA,NA,0,"mat.tourist"
"Q8JB",1,1909,NA,NA,NA,0,"mat.tourist"
"5XRP",0,1917,NA,NA,NA,1,"patrilineal"
"N3TU",0,1920,NA,NA,NA,0,"mat.trad"
"RJ5K",0,1922,NA,NA,NA,0,"mat.tourist"
"FD5B",0,1922,NA,NA,NA,0,"mat.trad"
"O4TN",0,1925,NA,NA,NA,0,"mat.tourist"
"2MPN",1,1925,NA,NA,NA,0,"mat.trad"
"SOGA",0,1925,NA,NA,NA,0,"mat.trad"
"ZCIR",0,1926,NA,NA,NA,0,"mat.tourist"
"6M9K",0,1928,NA,NA,NA,0,"mat.tourist"
"AVSU",0,1928,NA,NA,NA,0,"mat.tourist"
"OH39",0,1928,NA,NA,NA,0,"mat.trad"
"Z6RF",0,1928,NA,NA,NA,0,"mat.trad"
"PQI1",0,1928,NA,NA,NA,0,"mat.trad"
"72J5",0,1929,NA,NA,NA,0,"mat.trad"
"498T",0,1929,NA,NA,NA,0,"mat.trad"
"BBK7",0,1929,NA,NA,NA,0,"mat.trad"
"S9Z5",0,1929,NA,NA,NA,0,"mat.trad"
"2LN0",0,1930,NA,NA,NA,0,"mat.tourist"
"GRGD",1,1930,NA,NA,NA,0,"mat.trad"
"2RE7",0,1930,NA,NA,NA,1,"patrilineal"
"Q200",1,1931,NA,NA,NA,0,"mat.tourist"
"QQ94",0,1931,NA,NA,NA,0,"mat.trad"
"WIAC",0,1931,NA,NA,NA,0,"mat.trad"
"9KFR",1,1932,NA,NA,NA,0,"mat.tourist"
"8K59",0,1932,NA,NA,NA,0,"mat.tourist"
"4IIF",0,1932,NA,NA,NA,0,"mat.tourist"
"VJZZ",0,1932,NA,NA,NA,0,"mat.trad"
"2RXV",1,1932,NA,NA,NA,0,"mat.trad"
"WL4D",1,1932,NA,NA,NA,1,"patrilineal"
"KO2I",1,1933,NA,NA,NA,0,"mat.tourist"
"2DS2",1,1933,NA,NA,NA,0,"mat.trad"
"3PE1",0,1933,NA,NA,NA,0,"mat.trad"
"U91U",0,1933,NA,NA,NA,0,"mat.trad"
"BNAP",0,1933,NA,NA,NA,0,"mat.trad"
"YR4G",0,1933,NA,NA,NA,0,"mat.trad"
"ISVT",0,1933,NA,NA,NA,0,"mat.trad"
"GY9S",0,1934,NA,NA,NA,0,"mat.tourist"
"6LPL",0,1934,NA,NA,NA,0,"mat.tourist"
"BAMY",0,1934,NA,NA,NA,0,"mat.trad"
"7U60",0,1934,NA,NA,NA,0,"mat.trad"
"JWZG",1,1935,NA,NA,NA,0,"mat.tourist"
"X8AU",0,1935,NA,NA,NA,0,"mat.trad"
"AF2K",1,1935,NA,NA,NA,0,"mat.trad"
"IE5W",0,1936,NA,NA,NA,0,"mat.tourist"
"Z2EC",1,1936,NA,NA,NA,0,"mat.trad"
"PLHP",0,1936,NA,NA,NA,0,"mat.trad"
"SNTT",0,1936,NA,NA,NA,0,"mat.trad"
"GSQF",1,1936,NA,NA,NA,0,"mat.trad"
"2RVH",0,1936,NA,NA,NA,0,"mat.trad"
"XOBG",1,1936,NA,NA,NA,0,"mat.trad"
"ZMFV",1,1936,NA,NA,NA,1,"patrilineal"
"ETRE",0,1937,NA,NA,NA,0,"mat.tourist"
"L7O7",1,1937,NA,NA,NA,0,"mat.trad"
"WST9",1,1937,NA,NA,NA,0,"mat.trad"
"7HCV",0,1937,NA,NA,NA,0,"mat.trad"
"OSLV",0,1937,NA,NA,NA,0,"mat.trad"
"CPMZ",1,1937,NA,NA,NA,0,"mat.trad"
"23DQ",1,1937,NA,NA,NA,0,"mat.trad"
"TGBA",0,1937,NA,NA,NA,1,"patrilineal"
"Y2BG",0,1938,NA,NA,NA,0,"mat.tourist"
"NM1W",0,1938,NA,NA,NA,0,"mat.trad"
"GPH9",0,1938,NA,NA,NA,0,"mat.trad"
"NQAF",0,1938,NA,NA,NA,0,"mat.trad"
"L7AY",1,1938,NA,NA,NA,0,"mat.trad"
"JQ3O",0,1938,NA,NA,NA,0,"mat.trad"
"0AYX",0,1938,NA,NA,NA,0,"mat.trad"
"6V38",0,1938,NA,NA,NA,0,"mat.trad"
"SE61",1,1938,NA,NA,NA,0,"mat.trad"
"5V6M",1,1938,NA,NA,NA,0,"mat.trad"
"MRUC",1,1938,NA,NA,NA,1,"patrilineal"
"L8E5",1,1939,NA,NA,NA,0,"mat.trad"
"JUXD",0,1939,NA,NA,NA,0,"mat.trad"
"UBH3",1,1939,NA,NA,NA,1,"patrilineal"
"8MPW",1,1940,NA,NA,NA,0,"mat.tourist"
"67UK",0,1940,NA,NA,NA,0,"mat.tourist"
"Z5M8",1,1940,NA,NA,NA,0,"mat.trad"
"DID3",0,1940,NA,NA,NA,0,"mat.trad"
"AV0K",0,1940,NA,NA,NA,0,"mat.trad"
"ZPKM",0,1940,NA,NA,NA,1,"patrilineal"
"YQ4N",0,1940,NA,NA,NA,1,"patrilineal"
"NTG4",1,1941,NA,NA,NA,0,"mat.tourist"
"NS65",0,1941,NA,NA,NA,0,"mat.tourist"
"G3HE",0,1941,NA,NA,NA,0,"mat.trad"
"O2O1",1,1941,NA,NA,NA,0,"mat.trad"
"X5XY",0,1941,NA,NA,NA,0,"mat.trad"
"LI78",0,1941,NA,NA,NA,0,"mat.trad"
"YNZ9",1,1941,NA,NA,NA,0,"mat.trad"
"94M9",0,1941,NA,NA,NA,1,"patrilineal"
"EE0P",1,1941,NA,NA,NA,1,"patrilineal"
"NO7U",0,1941,NA,NA,NA,1,"patrilineal"
"CV27",1,1942,NA,NA,NA,0,"mat.tourist"
"4QHC",1,1942,NA,NA,NA,0,"mat.tourist"
"DJN3",0,1942,NA,NA,NA,0,"mat.tourist"
"JJ3A",0,1942,NA,NA,"N3TU",0,"mat.trad"
"ECEQ",0,1942,NA,NA,NA,0,"mat.trad"
"IHCB",0,1942,NA,NA,NA,0,"mat.trad"
"68F1",1,1942,NA,NA,NA,0,"mat.trad"
"MSNV",0,1942,NA,NA,NA,0,"mat.trad"
"S7X9",0,1942,NA,NA,NA,0,"mat.trad"
"DX1Z",0,1942,NA,NA,NA,0,"mat.trad"
"ZVIS",0,1942,NA,NA,"5XRP",1,"patrilineal"
"2BO3",1,1942,NA,NA,NA,1,"patrilineal"
"2GGY",0,1942,NA,NA,NA,1,"patrilineal"
"KYVW",0,1943,NA,NA,NA,0,"mat.tourist"
"ONM0",0,1943,NA,NA,NA,0,"mat.trad"
"HXZK",1,1943,NA,NA,NA,0,"mat.trad"
"R6VE",1,1943,NA,NA,NA,0,"mat.trad"
"QWM0",1,1943,NA,NA,NA,0,"mat.trad"
"W0IM",1,1943,NA,NA,NA,0,"mat.trad"
"IQLG",0,1943,NA,NA,NA,0,"mat.trad"
"3FYQ",1,1943,NA,NA,NA,1,"patrilineal"
"EZVV",1,1943,NA,NA,NA,1,"patrilineal"
"9G1J",0,1944,NA,NA,NA,0,"mat.tourist"
"HN9V",0,1944,NA,NA,NA,0,"mat.trad"
"4F80",0,1944,NA,NA,NA,0,"mat.trad"
"76RI",1,1945,NA,NA,NA,0,"mat.tourist"
"UGYV",0,1945,NA,NA,NA,0,"mat.trad"
"RS20",0,1945,NA,NA,NA,0,"mat.trad"
"7H13",1,1945,NA,NA,NA,0,"mat.trad"
"COMP",0,1945,NA,NA,NA,0,"mat.trad"
"ZMEI",0,1945,NA,NA,NA,1,"patrilineal"
"JIQF",1,1946,NA,NA,NA,0,"mat.tourist"
"H8Q8",0,1946,NA,NA,NA,0,"mat.trad"
"ZA3L",0,1946,NA,NA,NA,0,"mat.trad"
"506H",1,1946,NA,NA,NA,0,"mat.trad"
"WCLY",0,1946,NA,NA,NA,0,"mat.trad"
"1F1Q",1,1946,NA,NA,NA,1,"patrilineal"
"VOZ4",0,1946,NA,NA,NA,1,"patrilineal"
"ZXJF",0,1946,NA,NA,NA,1,"patrilineal"
"9SQO",0,1947,NA,NA,NA,0,"mat.tourist"
"N0KQ",1,1947,NA,NA,"O4TN",0,"mat.tourist"
"ET7Q",0,1947,NA,NA,NA,0,"mat.tourist"
"6MAN",1,1947,NA,NA,NA,0,"mat.tourist"
"85EI",0,1947,NA,NA,NA,0,"mat.tourist"
"1UZ8",1,1947,NA,NA,NA,0,"mat.tourist"
"OW31",0,1947,NA,NA,NA,0,"mat.tourist"
"FIXA",0,1947,NA,NA,NA,0,"mat.tourist"
"FYQ6",1,1947,NA,NA,NA,0,"mat.trad"
"8XG0",0,1947,NA,NA,"FD5B",0,"mat.trad"
"2V0L",0,1947,NA,NA,NA,0,"mat.trad"
"3EG7",1,1947,NA,NA,NA,0,"mat.trad"
"ZV1A",0,1947,NA,NA,NA,1,"patrilineal"
"9FMS",1,1948,NA,NA,"3ECC",0,"mat.tourist"
"I8BJ",1,1948,NA,NA,"6M9K",0,"mat.tourist"
"59WK",1,1948,NA,NA,NA,0,"mat.tourist"
"7AK3",1,1948,NA,NA,NA,0,"mat.trad"
"1P1A",1,1948,NA,NA,NA,0,"mat.trad"
"VPEY",1,1948,NA,NA,NA,0,"mat.trad"
"X1S1",1,1948,NA,NA,NA,0,"mat.trad"
"T7LP",0,1948,NA,NA,NA,0,"mat.trad"
"8SJ6",0,1948,NA,NA,NA,0,"mat.trad"
"3FQ1",1,1948,NA,NA,NA,0,"mat.trad"
"EL82",0,1948,NA,NA,NA,1,"patrilineal"
"R636",0,1948,NA,NA,NA,1,"patrilineal"
"NG2G",1,1949,NA,NA,NA,0,"mat.tourist"
"R7YF",0,1949,NA,NA,NA,0,"mat.tourist"
"U29Z",1,1949,NA,NA,NA,0,"mat.trad"
"N29E",0,1949,NA,NA,"BBK7",0,"mat.trad"
"2XG9",0,1949,NA,NA,NA,0,"mat.trad"
"CSNS",1,1949,NA,NA,NA,0,"mat.trad"
"R1Q6",0,1949,NA,NA,NA,0,"mat.trad"
"S8I2",0,1949,NA,NA,"SOGA",0,"mat.trad"
"H5WZ",0,1949,NA,NA,NA,1,"patrilineal"
"J26S",1,1949,NA,NA,NA,1,"patrilineal"
"QETZ",0,1950,NA,NA,"O4TN",0,"mat.tourist"
"OW57",0,1950,NA,NA,NA,0,"mat.tourist"
"I8QB",0,1950,NA,NA,"72J5",0,"mat.trad"
"6EZK",0,1950,NA,NA,NA,0,"mat.trad"
"IU75",1,1950,NA,NA,NA,0,"mat.trad"
"B96N",1,1950,NA,NA,NA,0,"mat.trad"
"WO3F",1,1950,NA,NA,NA,0,"mat.trad"
"0WMB",0,1950,NA,NA,NA,0,"mat.trad"
"Y3DW",1,1950,NA,NA,NA,0,"mat.trad"
"OE32",0,1950,NA,NA,"S9Z5",0,"mat.trad"
"P8A5",0,1950,NA,NA,NA,1,"patrilineal"
"UTRD",1,1951,NA,NA,NA,0,"mat.tourist"
"Q9TW",0,1951,NA,NA,NA,0,"mat.tourist"
"LAVC",0,1951,NA,NA,NA,0,"mat.tourist"
"8TMU",0,1951,NA,NA,NA,0,"mat.tourist"
"RUCQ",1,1951,NA,NA,NA,0,"mat.tourist"
"RSWL",0,1951,NA,NA,NA,0,"mat.trad"
"I103",0,1951,NA,NA,NA,0,"mat.trad"
"I12H",0,1951,NA,NA,NA,0,"mat.trad"
"WRXH",1,1951,NA,NA,NA,0,"mat.trad"
"BHLY",0,1951,NA,NA,NA,0,"mat.trad"
"GR72",0,1952,NA,NA,NA,0,"mat.tourist"
"5VWY",1,1952,NA,NA,NA,0,"mat.tourist"
"NQZ5",1,1952,NA,NA,"72J5",0,"mat.trad"
"RVS3",0,1952,NA,NA,NA,0,"mat.trad"
"8U4B",1,1952,NA,NA,NA,0,"mat.trad"
"R8ZB",0,1952,NA,NA,NA,0,"mat.trad"
"CMAM",1,1952,NA,NA,NA,0,"mat.trad"
"U78Q",0,1952,NA,NA,"WIAC",0,"mat.trad"
"AFJU",1,1952,NA,NA,NA,0,"mat.trad"
"V5WQ",0,1952,NA,NA,NA,1,"patrilineal"
"EJ7I",1,1952,NA,NA,NA,1,"patrilineal"
"YUAF",0,1952,NA,NA,NA,1,"patrilineal"
"UAED",1,1953,NA,NA,"6M9K",0,"mat.tourist"
"WQ62",0,1953,NA,NA,"O4TN",0,"mat.tourist"
"KCDF",0,1953,NA,NA,NA,0,"mat.tourist"
"ZW1T",1,1953,NA,NA,NA,0,"mat.tourist"
"SJ30",0,1953,NA,NA,"8K59",0,"mat.tourist"
"KDPO",0,1953,NA,NA,NA,0,"mat.tourist"
"0HCW",1,1953,NA,NA,"ZCIR",0,"mat.tourist"
"H1GF",1,1953,NA,NA,NA,0,"mat.tourist"
"8D7Y",1,1953,NA,NA,NA,0,"mat.trad"
"X0TV",1,1953,NA,NA,"498T",0,"mat.trad"
"3X2T",1,1953,NA,NA,NA,0,"mat.trad"
"V4C3",0,1953,NA,NA,NA,0,"mat.trad"
"G0E6",1,1953,NA,NA,NA,0,"mat.trad"
"Q4CD",0,1953,NA,NA,NA,0,"mat.trad"
"1UT4",0,1953,NA,NA,NA,0,"mat.trad"
"QS5C",1,1953,NA,NA,"U91U",0,"mat.trad"
"KVIJ",0,1953,NA,NA,NA,0,"mat.trad"
"VRIE",1,1953,NA,NA,NA,0,"mat.trad"
"ZQ8Q",1,1953,NA,NA,NA,1,"patrilineal"
"K0C8",1,1953,NA,NA,"5XRP",1,"patrilineal"
"ONNV",1,1953,NA,NA,NA,1,"patrilineal"
"HNWU",1,1954,NA,NA,NA,0,"mat.tourist"
"C6JC",1,1954,NA,NA,NA,0,"mat.tourist"
"EMOT",1,1954,NA,NA,NA,0,"mat.tourist"
"LXBO",1,1954,NA,NA,NA,0,"mat.tourist"
"7VOF",0,1954,NA,NA,NA,0,"mat.tourist"
"8CO7",1,1954,NA,NA,NA,0,"mat.trad"
"KH9P",1,1954,NA,NA,NA,0,"mat.trad"
"DOR0",1,1954,NA,NA,NA,0,"mat.trad"
"RQCJ",1,1954,NA,NA,"BAMY",0,"mat.trad"
"TJX5",1,1954,NA,NA,NA,0,"mat.trad"
"NOB5",1,1954,NA,NA,NA,0,"mat.trad"
"6954",0,1954,NA,NA,"S9Z5",0,"mat.trad"
"T8D8",1,1954,NA,NA,"YR4G",0,"mat.trad"
"LS51",1,1954,NA,NA,NA,1,"patrilineal"
"J9PR",1,1955,NA,NA,NA,0,"mat.trad"
"LCIP",1,1955,NA,NA,NA,0,"mat.trad"
"2QTQ",1,1955,NA,NA,NA,0,"mat.trad"
"XSOK",1,1955,NA,NA,NA,0,"mat.trad"
"1POY",0,1955,NA,NA,NA,0,"mat.trad"
"F082",0,1955,NA,NA,NA,0,"mat.trad"
"7JZA",1,1955,NA,NA,NA,0,"mat.trad"
"SFL0",0,1955,NA,NA,"U91U",0,"mat.trad"
"J51A",0,1955,NA,NA,"BNAP",0,"mat.trad"
"Y1Z6",0,1955,NA,NA,"PQI1",0,"mat.trad"
"3UEL",1,1955,NA,NA,"SOGA",0,"mat.trad"
"52ZJ",1,1955,NA,NA,NA,0,"mat.trad"
"BUMP",0,1955,NA,NA,NA,1,"patrilineal"
"3DZA",0,1955,NA,NA,NA,1,"patrilineal"
"CW6L",0,1956,NA,NA,"GY9S",0,"mat.tourist"
"882F",1,1956,NA,NA,NA,0,"mat.tourist"
"Q6CF",0,1956,NA,NA,NA,0,"mat.tourist"
"EOW9",0,1956,NA,NA,NA,0,"mat.tourist"
"CGB6",1,1956,NA,NA,NA,0,"mat.trad"
"MH4O",0,1956,NA,NA,NA,0,"mat.trad"
"8CI6",0,1956,NA,NA,"498T",0,"mat.trad"
"QZ94",1,1956,NA,NA,NA,0,"mat.trad"
"6BH2",0,1956,NA,NA,NA,0,"mat.trad"
"XRWB",0,1956,NA,NA,NA,0,"mat.trad"
"DDL8",1,1956,NA,NA,"2RVH",0,"mat.trad"
"YBCM",0,1956,NA,NA,NA,0,"mat.trad"
"LZKR",1,1956,NA,NA,NA,0,"mat.trad"
"C1Z0",1,1956,NA,NA,NA,0,"mat.trad"
"80P3",0,1956,NA,NA,"SOGA",0,"mat.trad"
"FR6T",0,1956,NA,NA,NA,1,"patrilineal"
"0FZW",1,1956,NA,NA,NA,1,"patrilineal"
"BX4Y",1,1956,NA,NA,"YQ4N",1,"patrilineal"
"TZCI",0,1957,NA,NA,NA,0,"mat.tourist"
"9BMQ",1,1957,NA,NA,"IE5W",0,"mat.tourist"
"EC4P",0,1957,NA,NA,NA,0,"mat.tourist"
"FMII",0,1957,NA,NA,NA,0,"mat.tourist"
"MJ3A",1,1957,NA,NA,NA,0,"mat.tourist"
"KLUR",0,1957,NA,NA,NA,0,"mat.tourist"
"P22B",1,1957,NA,NA,NA,0,"mat.tourist"
"7MCB",1,1957,NA,NA,"72J5",0,"mat.trad"
"AX2X",1,1957,NA,NA,NA,0,"mat.trad"
"8F06",1,1957,NA,NA,NA,0,"mat.trad"
"MK3Q",1,1957,NA,NA,"BBK7",0,"mat.trad"
"ALDU",1,1957,NA,NA,"3PE1",0,"mat.trad"
"22AN",0,1957,NA,"2MPN",NA,0,"mat.trad"
"P5RN",0,1957,NA,NA,NA,0,"mat.trad"
"A49Y",0,1957,NA,NA,"BAMY",0,"mat.trad"
"GNIG",0,1957,NA,NA,"7HCV",0,"mat.trad"
"AJRC",1,1957,NA,"2RXV","LI78",0,"mat.trad"
"2FER",0,1957,NA,NA,NA,0,"mat.trad"
"JS7V",1,1957,NA,NA,NA,0,"mat.trad"
"LCO0",1,1957,NA,NA,NA,0,"mat.trad"
"KKV5",0,1957,NA,NA,NA,0,"mat.trad"
"R688",0,1957,NA,NA,"JQ3O",0,"mat.trad"
"BBO7",0,1957,NA,NA,NA,1,"patrilineal"
"FIZN",0,1958,NA,NA,"O4TN",0,"mat.tourist"
"ML46",1,1958,NA,NA,NA,0,"mat.tourist"
"X1Q6",1,1958,NA,NA,NA,0,"mat.tourist"
"7WSF",1,1958,NA,NA,NA,0,"mat.tourist"
"96VR",0,1958,NA,NA,NA,0,"mat.tourist"
"2C5C",0,1958,NA,NA,NA,0,"mat.trad"
"4V9K",1,1958,NA,NA,"SNTT",0,"mat.trad"
"04OI",1,1958,NA,NA,NA,0,"mat.trad"
"8JBZ",1,1958,NA,NA,NA,0,"mat.trad"
"P0ZG",1,1958,NA,NA,"QQ94",0,"mat.trad"
"MNXZ",1,1958,NA,"L8E5",NA,0,"mat.trad"
"WLX3",1,1958,NA,NA,"BNAP",0,"mat.trad"
"W9ZO",0,1958,NA,NA,"S9Z5",0,"mat.trad"
"7XEB",0,1958,NA,"SE61","JUXD",0,"mat.trad"
"I5JG",1,1958,NA,NA,NA,1,"patrilineal"
"GRQ9",1,1958,NA,NA,NA,1,"patrilineal"
"I6D5",1,1959,NA,NA,"GY9S",0,"mat.tourist"
"NP9Q",1,1959,NA,NA,"IE5W",0,"mat.tourist"
"ANKK",1,1959,NA,NA,NA,0,"mat.tourist"
"IZGQ",1,1959,NA,NA,NA,0,"mat.tourist"
"8ZFN",1,1959,NA,NA,NA,0,"mat.trad"
"2IXT",1,1959,NA,NA,"WIAC",0,"mat.trad"
"60CP",0,1959,NA,NA,NA,0,"mat.trad"
"IBMJ",1,1959,NA,NA,NA,0,"mat.trad"
"FSDX",1,1959,NA,NA,NA,1,"patrilineal"
"ZNK2",0,1959,NA,NA,NA,1,"patrilineal"
"RNMO",1,1959,NA,NA,NA,1,"patrilineal"
"4ZDF",0,1959,NA,NA,NA,1,"patrilineal"
"ZAX8",1,1959,NA,NA,NA,1,"patrilineal"
"BFOM",1,1960,NA,NA,"ZCIR",0,"mat.tourist"
"IFK9",0,1960,NA,NA,NA,0,"mat.tourist"
"P443",0,1960,NA,NA,NA,0,"mat.trad"
"C2AU",0,1960,NA,"CPMZ","6V38",0,"mat.trad"
"6H7K",0,1960,NA,NA,NA,1,"patrilineal"
"LZZH",0,1960,NA,NA,NA,1,"patrilineal"
"5W5Z",1,1960,NA,NA,NA,1,"patrilineal"
"MECV",0,1961,NA,NA,"2LN0",0,"mat.tourist"
"VMGB",1,1961,NA,NA,"6LPL",0,"mat.tourist"
"IS86",1,1961,NA,NA,NA,0,"mat.tourist"
"7PF4",1,1961,NA,NA,"PLHP",0,"mat.trad"
"24TZ",1,1961,NA,NA,NA,0,"mat.trad"
"ESOU",1,1961,NA,NA,"BBK7",0,"mat.trad"
"3Z52",0,1961,NA,NA,NA,0,"mat.trad"
"8JL8",1,1961,NA,NA,"IHCB",0,"mat.trad"
"XIHZ",1,1961,NA,NA,"2RVH",0,"mat.trad"
"O1A5",1,1961,NA,NA,"U91U",0,"mat.trad"
"ZK93",1,1961,NA,NA,"PQI1",0,"mat.trad"
"KRPS",1,1961,NA,NA,"94M9",1,"patrilineal"
"5GO3",0,1962,NA,NA,"O4TN",0,"mat.tourist"
"2UIJ",0,1962,NA,NA,"GY9S",0,"mat.tourist"
"W2X5",0,1962,NA,NA,NA,0,"mat.tourist"
"ZKGZ",1,1962,NA,NA,NA,0,"mat.tourist"
"ZA2E",1,1962,NA,NA,NA,0,"mat.tourist"
"N9FD",1,1962,NA,NA,"JJ3A",0,"mat.trad"
"8LWC",0,1962,NA,NA,NA,0,"mat.trad"
"D4EE",0,1962,NA,NA,NA,0,"mat.trad"
"1DWZ",1,1962,NA,NA,"G3HE",0,"mat.trad"
"KT69",0,1962,NA,NA,NA,0,"mat.trad"
"PSTJ",1,1962,NA,"L7O7","ECEQ",0,"mat.trad"
"M8CU",1,1962,NA,NA,NA,0,"mat.trad"
"25LV",0,1962,NA,NA,"AV0K",0,"mat.trad"
"Z7OR",0,1962,NA,NA,NA,0,"mat.trad"
"SCNK",1,1962,NA,"L8E5","OSLV",0,"mat.trad"
"M9CY",1,1962,NA,NA,"S7X9",0,"mat.trad"
"XAL7",0,1962,NA,NA,NA,0,"mat.trad"
"EAC7",1,1962,NA,NA,NA,0,"mat.trad"
"8GK1",1,1962,NA,NA,"Z6RF",0,"mat.trad"
"M44Y",0,1962,NA,NA,"S9Z5",0,"mat.trad"
"3DVL",1,1962,NA,NA,NA,0,"mat.trad"
"JW83",0,1962,NA,NA,"TGBA",1,"patrilineal"
"58XL",1,1962,NA,NA,NA,1,"patrilineal"
"5QYT",0,1962,NA,NA,NA,1,"patrilineal"
"1L9Z",1,1962,NA,NA,"ZPKM",1,"patrilineal"
"TA2F",1,1962,NA,NA,NA,1,"patrilineal"
"EXYV",1,1963,NA,NA,NA,0,"mat.tourist"
"B2NJ",1,1963,NA,NA,NA,0,"mat.tourist"
"7X9A",0,1963,NA,NA,"6M9K",0,"mat.tourist"
"Y1CE",1,1963,NA,NA,NA,0,"mat.tourist"
"COEF",1,1963,NA,NA,NA,0,"mat.tourist"
"PBLI",0,1963,NA,NA,NA,0,"mat.tourist"
"J0IF",0,1963,NA,NA,NA,0,"mat.tourist"
"KZ19",0,1963,NA,NA,"ZCIR",0,"mat.tourist"
"60S6",0,1963,NA,NA,NA,0,"mat.tourist"
"5LR0",0,1963,NA,NA,NA,0,"mat.trad"
"9CDQ",0,1963,NA,NA,"SNTT",0,"mat.trad"
"BJRO",0,1963,NA,NA,NA,0,"mat.trad"
"6NKO",1,1963,NA,NA,NA,0,"mat.trad"
"5SHQ",1,1963,NA,NA,NA,0,"mat.trad"
"W1YA",0,1963,NA,NA,NA,0,"mat.trad"
"1SJ0",1,1963,NA,NA,NA,0,"mat.trad"
"S010",1,1963,NA,NA,"GPH9",0,"mat.trad"
"Y69X",1,1963,NA,NA,"7HCV",0,"mat.trad"
"C2RG",1,1963,NA,NA,NA,0,"mat.trad"
"8LG5",1,1963,NA,NA,NA,0,"mat.trad"
"K0WP",0,1963,NA,NA,NA,0,"mat.trad"
"UTHG",1,1963,NA,NA,"BNAP",0,"mat.trad"
"IOMX",0,1963,NA,NA,"S9Z5",0,"mat.trad"
"NF77",1,1963,NA,"CPMZ","6V38",0,"mat.trad"
"5PYK",0,1963,NA,NA,NA,0,"mat.trad"
"M6TV",0,1963,NA,NA,"YR4G",0,"mat.trad"
"5O1G",1,1963,NA,"3FYQ",NA,1,"patrilineal"
"U7H4",0,1963,NA,NA,NA,1,"patrilineal"
"S30R",0,1963,NA,"EE0P","ZMEI",1,"patrilineal"
"VZ23",1,1963,NA,NA,"NO7U",1,"patrilineal"
"QAU1",1,1963,NA,"ZMFV","2GGY",1,"patrilineal"
"CLGN",0,1963,NA,NA,"YQ4N",1,"patrilineal"
"C7OX",0,1964,NA,NA,"IE5W",0,"mat.tourist"
"54LC",1,1964,NA,NA,"ET7Q",0,"mat.tourist"
"PV6N",0,1964,NA,NA,NA,0,"mat.tourist"
"U2ES",1,1964,NA,"9KFR",NA,0,"mat.tourist"
"VTIG",0,1964,NA,NA,NA,0,"mat.tourist"
"TANL",0,1964,NA,NA,NA,0,"mat.tourist"
"66AF",1,1964,NA,NA,NA,0,"mat.tourist"
"BENN",0,1964,NA,NA,"Y2BG",0,"mat.tourist"
"M1LQ",1,1964,NA,NA,NA,0,"mat.tourist"
"3TPA",1,1964,NA,NA,"72J5",0,"mat.trad"
"OGJS",0,1964,NA,NA,NA,0,"mat.trad"
"64JQ",1,1964,NA,NA,"ONM0",0,"mat.trad"
"MWNN",0,1964,NA,NA,NA,0,"mat.trad"
"O1OZ",0,1964,NA,NA,NA,0,"mat.trad"
"UMDT",1,1964,NA,NA,"IHCB",0,"mat.trad"
"BOPS",0,1964,NA,NA,"X5XY",0,"mat.trad"
"FCW0",1,1964,NA,NA,NA,0,"mat.trad"
"7MTN",1,1964,NA,NA,"7HCV",0,"mat.trad"
"ISUS",0,1964,NA,NA,NA,0,"mat.trad"
"PCPV",0,1964,NA,NA,"X8AU",0,"mat.trad"
"HIZ7",1,1964,NA,NA,"AV0K",0,"mat.trad"
"FK50",1,1964,NA,NA,"WIAC",0,"mat.trad"
"PVHP",0,1964,NA,NA,NA,0,"mat.trad"
"Y098",1,1964,NA,NA,"JQ3O",0,"mat.trad"
"JBC7",1,1964,NA,NA,"DX1Z",0,"mat.trad"
"LM47",0,1964,NA,"23DQ","COMP",0,"mat.trad"
"BQQR",0,1964,NA,NA,NA,1,"patrilineal"
"SA2N",0,1964,NA,NA,"TGBA",1,"patrilineal"
"WU77",0,1964,NA,NA,NA,1,"patrilineal"
"EGFG",0,1964,NA,NA,NA,1,"patrilineal"
"PD42",0,1964,NA,NA,NA,1,"patrilineal"
"WULW",0,1964,NA,NA,NA,1,"patrilineal"
"UJQ0",0,1964,NA,NA,NA,1,"patrilineal"
"R0YI",0,1965,NA,NA,"ETRE",0,"mat.tourist"
"DZWV",0,1965,NA,NA,"GY9S",0,"mat.tourist"
"UFP1",0,1965,NA,NA,NA,0,"mat.tourist"
"5U1D",0,1965,NA,NA,NA,0,"mat.tourist"
"PU38",1,1965,NA,NA,"85EI",0,"mat.tourist"
"P2M3",1,1965,NA,NA,"DJN3",0,"mat.tourist"
"FFG1",1,1965,NA,NA,"AVSU",0,"mat.tourist"
"0VIR",0,1965,NA,NA,NA,0,"mat.tourist"
"YXQW",0,1965,NA,NA,"JJ3A",0,"mat.trad"
"CUIU",0,1965,NA,NA,"PLHP",0,"mat.trad"
"XLTD",0,1965,NA,NA,NA,0,"mat.trad"
"9U89",1,1965,NA,NA,"BBK7",0,"mat.trad"
"LDIV",1,1965,NA,NA,"G3HE",0,"mat.trad"
"WGNF",0,1965,NA,NA,NA,0,"mat.trad"
"RWRZ",1,1965,NA,"2DS2","HN9V",0,"mat.trad"
"N0WF",0,1965,NA,NA,"AV0K",0,"mat.trad"
"9QNU",0,1965,NA,"L8E5","OSLV",0,"mat.trad"
"LKYA",1,1965,NA,NA,NA,0,"mat.trad"
"D9BP",1,1965,NA,NA,"Z6RF",0,"mat.trad"
"JEHS",1,1965,NA,NA,"IQLG",0,"mat.trad"
"3M3B",0,1965,NA,NA,"0AYX",0,"mat.trad"
"4RP7",0,1965,NA,"CPMZ","6V38",0,"mat.trad"
"RN37",0,1965,NA,"SE61","JUXD",0,"mat.trad"
"YGJS",0,1965,NA,"SE61","JUXD",0,"mat.trad"
"0AP5",0,1965,NA,NA,"YR4G",0,"mat.trad"
"3QR9",0,1965,NA,NA,NA,0,"mat.trad"
"9P2U",1,1965,NA,NA,NA,0,"mat.trad"
"OROW",0,1965,NA,NA,"94M9",1,"patrilineal"
"SDXZ",1,1965,NA,NA,NA,1,"patrilineal"
"I8A9",0,1965,NA,"MRUC","R636",1,"patrilineal"
"S6X0",1,1966,NA,"8MPW",NA,0,"mat.tourist"
"4XHD",1,1966,NA,NA,NA,0,"mat.tourist"
"JKJJ",1,1966,NA,NA,NA,0,"mat.tourist"
"TTEA",1,1966,NA,NA,NA,0,"mat.tourist"
"SID8",1,1966,NA,NA,"9G1J",0,"mat.tourist"
"WRKR",0,1966,NA,NA,"DJN3",0,"mat.tourist"
"R9Q5",0,1966,NA,NA,"ZCIR",0,"mat.tourist"
"E2PF",0,1966,NA,NA,NA,0,"mat.tourist"
"VN2C",1,1966,NA,NA,NA,0,"mat.tourist"
"JN0R",0,1966,NA,"GRGD","NM1W",0,"mat.trad"
"5CXO",0,1966,NA,NA,NA,0,"mat.trad"
"T25I",0,1966,NA,NA,NA,0,"mat.trad"
"DNJB",0,1966,NA,NA,"BAMY",0,"mat.trad"
"3BT7",1,1966,NA,NA,"ZA3L",0,"mat.trad"
"MUWP",0,1966,NA,NA,"7HCV",0,"mat.trad"
"AQU3",1,1966,NA,NA,NA,0,"mat.trad"
"CG3D",1,1966,NA,"2RXV","LI78",0,"mat.trad"
"6ME3",0,1966,NA,NA,NA,0,"mat.trad"
"GAZQ",1,1966,NA,NA,"QQ94",0,"mat.trad"
"VPWK",0,1966,NA,NA,NA,0,"mat.trad"
"2EYK",1,1966,NA,NA,"4F80",0,"mat.trad"
"52FX",0,1966,NA,NA,NA,0,"mat.trad"
"DXSE",1,1966,NA,NA,"R1Q6",0,"mat.trad"
"R2IX",0,1966,NA,NA,"WIAC",0,"mat.trad"
"M0MU",1,1966,NA,NA,"BNAP",0,"mat.trad"
"CQ31",0,1966,NA,NA,"IQLG",0,"mat.trad"
"GVHX",1,1966,NA,NA,NA,1,"patrilineal"
"8CEU",1,1966,NA,NA,NA,1,"patrilineal"
"SR28",1,1966,NA,"EE0P","ZMEI",1,"patrilineal"
"AV83",1,1967,NA,NA,NA,0,"mat.tourist"
"HVL7",0,1967,NA,NA,"GY9S",0,"mat.tourist"
"ILQ4",0,1967,NA,NA,NA,0,"mat.tourist"
"3T7I",1,1967,NA,NA,NA,0,"mat.tourist"
"95DO",0,1967,NA,NA,"ET7Q",0,"mat.tourist"
"7XT7",1,1967,NA,NA,NA,0,"mat.tourist"
"RJLW",0,1967,NA,NA,NA,0,"mat.tourist"
"F82C",0,1967,NA,NA,NA,0,"mat.tourist"
"JJGP",0,1967,NA,NA,"6LPL",0,"mat.tourist"
"WXKD",1,1967,NA,NA,NA,0,"mat.tourist"
"PZ1X",1,1967,NA,NA,NA,0,"mat.tourist"
"M5X6",1,1967,NA,NA,"RJ5K",0,"mat.tourist"
"133J",0,1967,NA,NA,NA,0,"mat.tourist"
"7T6H",1,1967,NA,NA,"DJN3",0,"mat.tourist"
"30BW",0,1967,NA,NA,"72J5",0,"mat.trad"
"H3F6",0,1967,NA,NA,"JJ3A",0,"mat.trad"
"1TPR",0,1967,NA,NA,"IHCB",0,"mat.trad"
"7VG2",1,1967,NA,"2MPN",NA,0,"mat.trad"
"PGLY",0,1967,NA,"2DS2","HN9V",0,"mat.trad"
"PU30",1,1967,NA,NA,NA,0,"mat.trad"
"A5QI",0,1967,NA,NA,"2RVH",0,"mat.trad"
"MUK1",1,1967,NA,NA,NA,0,"mat.trad"
"I7UG",0,1967,NA,"W0IM","WCLY",0,"mat.trad"
"VTCO",1,1967,NA,NA,"U91U",0,"mat.trad"
"RILZ",1,1967,NA,NA,"Z6RF",0,"mat.trad"
"XE55",0,1967,NA,"SE61","JUXD",0,"mat.trad"
"SNIT",1,1967,NA,"3FYQ",NA,1,"patrilineal"
"33BN",1,1967,NA,NA,"ZV1A",1,"patrilineal"
"SNTA",1,1967,NA,NA,"P8A5",1,"patrilineal"
"Q82N",0,1967,NA,"ZMFV","2GGY",1,"patrilineal"
"ERG7",1,1967,NA,NA,"YQ4N",1,"patrilineal"
"27YM",0,1968,NA,"NG2G","9SQO",0,"mat.tourist"
"5IQA",0,1968,NA,NA,"ETRE",0,"mat.tourist"
"3PNJ",0,1968,NA,NA,NA,0,"mat.tourist"
"5W48",0,1968,NA,NA,NA,0,"mat.tourist"
"AJPI",0,1968,NA,NA,"85EI",0,"mat.tourist"
"A2D4",1,1968,NA,"4QHC","R7YF",0,"mat.tourist"
"V5WB",1,1968,NA,NA,"2LN0",0,"mat.tourist"
"O24F",0,1968,NA,NA,NA,0,"mat.tourist"
"J4RI",1,1968,NA,NA,NA,0,"mat.tourist"
"09DG",0,1968,NA,NA,NA,0,"mat.tourist"
"KVIK",1,1968,NA,NA,NA,0,"mat.tourist"
"L27F",1,1968,NA,NA,NA,0,"mat.tourist"
"YICU",1,1968,NA,NA,NA,0,"mat.trad"
"BVJR",1,1968,NA,NA,"SNTT",0,"mat.trad"
"7FA6",0,1968,NA,"GRGD","NM1W",0,"mat.trad"
"AYXW",0,1968,NA,"U29Z","RSWL",0,"mat.trad"
"QEDO",1,1968,NA,NA,"BBK7",0,"mat.trad"
"3NLH",0,1968,NA,NA,NA,0,"mat.trad"
"7WRT",1,1968,NA,NA,"X5XY",0,"mat.trad"
"D6QB",0,1968,NA,NA,NA,0,"mat.trad"
"IH5R",0,1968,NA,NA,NA,0,"mat.trad"
"OV1R",0,1968,NA,NA,NA,0,"mat.trad"
"9TT2",0,1968,NA,NA,"AV0K",0,"mat.trad"
"LT78",0,1968,NA,NA,NA,0,"mat.trad"
"6LBE",0,1968,NA,NA,NA,0,"mat.trad"
"USNY",1,1968,NA,NA,"RS20",0,"mat.trad"
"VQHT",1,1968,NA,NA,NA,0,"mat.trad"
"OWVT",0,1968,NA,NA,"S7X9",0,"mat.trad"
"SOVG",1,1968,NA,NA,NA,0,"mat.trad"
"TUJ3",0,1968,NA,NA,"R1Q6",0,"mat.trad"
"9964",1,1968,NA,NA,"BNAP",0,"mat.trad"
"HU8G",0,1968,NA,"CPMZ","6V38",0,"mat.trad"
"4DM1",0,1968,NA,NA,"YR4G",0,"mat.trad"
"62H2",0,1968,NA,NA,NA,0,"mat.trad"
"NP7Z",0,1968,NA,NA,"TGBA",1,"patrilineal"
"3W7W",0,1968,NA,NA,"ZVIS",1,"patrilineal"
"31L8",0,1968,NA,NA,NA,1,"patrilineal"
"5XK6",0,1968,NA,"1F1Q","VOZ4",1,"patrilineal"
"9KDL",0,1968,NA,"UBH3","ZXJF",1,"patrilineal"
"3ECC",0,1969,NA,"8MPW",NA,0,"mat.tourist"
"0EV0",0,1969,NA,NA,NA,0,"mat.tourist"
"4L52",0,1969,NA,"CV27","8TMU",0,"mat.tourist"
"6ERG",0,1969,NA,NA,NA,0,"mat.tourist"
"UTM9",0,1969,NA,NA,NA,0,"mat.tourist"
"KVHN",1,1969,NA,NA,"NS65",0,"mat.tourist"
"5W0C",1,1969,NA,NA,NA,0,"mat.tourist"
"Y6W1",1,1969,NA,"JIQF","FIXA",0,"mat.tourist"
"BTOO",0,1969,NA,NA,NA,0,"mat.tourist"
"B9GC",0,1969,NA,NA,"JJ3A",0,"mat.trad"
"T767",1,1969,NA,NA,"PLHP",0,"mat.trad"
"QNDW",0,1969,NA,NA,NA,0,"mat.trad"
"4O6L",1,1969,NA,NA,"SNTT",0,"mat.trad"
"L1T5",0,1969,NA,NA,NA,0,"mat.trad"
"TJSC",0,1969,NA,NA,NA,0,"mat.trad"
"RW4J",0,1969,NA,NA,NA,0,"mat.trad"
"R3M9",1,1969,NA,NA,"ONM0",0,"mat.trad"
"UZQP",1,1969,NA,NA,"6EZK",0,"mat.trad"
"6KEE",0,1969,NA,NA,"G3HE",0,"mat.trad"
"6C3R",0,1969,NA,NA,"H8Q8",0,"mat.trad"
"HWZM",1,1969,NA,NA,"IHCB",0,"mat.trad"
"J5MW",1,1969,NA,NA,"GPH9",0,"mat.trad"
"N2MS",0,1969,NA,"2MPN","IHCB",0,"mat.trad"
"74Q1",0,1969,NA,"2MPN","IHCB",0,"mat.trad"
"CU85",0,1969,NA,NA,NA,0,"mat.trad"
"W231",0,1969,NA,NA,"BAMY",0,"mat.trad"
"XG3J",0,1969,NA,NA,"ZA3L",0,"mat.trad"
"PAO3",0,1969,NA,"2DS2","HN9V",0,"mat.trad"
"R66H",1,1969,NA,NA,"7HCV",0,"mat.trad"
"NYDJ",0,1969,NA,NA,NA,0,"mat.trad"
"D5B9",0,1969,NA,NA,NA,0,"mat.trad"
"YIWM",0,1969,NA,NA,"UGYV",0,"mat.trad"
"1TUB",1,1969,NA,NA,"S7X9",0,"mat.trad"
"2XE4",1,1969,NA,NA,"2RVH",0,"mat.trad"
"GBDJ",1,1969,NA,NA,"4F80",0,"mat.trad"
"ADQD",0,1969,NA,NA,NA,0,"mat.trad"
"UTCK",0,1969,NA,NA,NA,0,"mat.trad"
"J2QA",1,1969,NA,NA,"WIAC",0,"mat.trad"
"A7CR",1,1969,NA,"LZKR",NA,0,"mat.trad"
"4OWB",1,1969,NA,NA,"JQ3O",0,"mat.trad"
"DK5H",0,1969,NA,NA,"8SJ6",0,"mat.trad"
"DX2X",1,1969,NA,NA,"DX1Z",0,"mat.trad"
"CXKX",1,1969,NA,NA,"ISVT",0,"mat.trad"
"A3JK",1,1969,NA,NA,"94M9",1,"patrilineal"
"ZDFP",0,1969,NA,NA,NA,1,"patrilineal"
"UN4N",1,1969,NA,NA,NA,1,"patrilineal"
"JE99",1,1969,NA,NA,"ZPKM",1,"patrilineal"
"LHPL",0,1969,NA,NA,NA,1,"patrilineal"
"M2PC",1,1969,NA,NA,"NO7U",1,"patrilineal"
"ZW19",1,1969,NA,"MRUC","R636",1,"patrilineal"
"Y53J",1,1969,NA,NA,NA,1,"patrilineal"
"LQSH",1,1970,NA,NA,NA,0,"mat.tourist"
"EC8X",0,1970,NA,NA,"GY9S",0,"mat.tourist"
"65AF",1,1970,NA,NA,NA,0,"mat.tourist"
"LI5Y",1,1970,NA,NA,"ET7Q",0,"mat.tourist"
"5BLK",1,1970,NA,NA,NA,0,"mat.tourist"
"FYA7",0,1970,NA,NA,"85EI",0,"mat.tourist"
"JLXE",1,1970,NA,NA,NA,0,"mat.tourist"
"ZOLB",0,1970,NA,"JWZG","KYVW",0,"mat.tourist"
"CQBT",1,1970,NA,NA,NA,0,"mat.tourist"
"KGUS",0,1970,NA,NA,NA,0,"mat.tourist"
"7KNU",1,1970,NA,NA,NA,0,"mat.tourist"
"3WM7",1,1970,NA,"Q8JB","KDPO",0,"mat.tourist"
"G20C",1,1970,NA,NA,NA,0,"mat.tourist"
"UK65",0,1970,NA,NA,NA,0,"mat.tourist"
"JDFL",1,1970,NA,NA,NA,0,"mat.tourist"
"1CMB",1,1970,NA,NA,NA,0,"mat.trad"
"CT29",0,1970,NA,NA,"H8Q8",0,"mat.trad"
"X5HE",0,1970,NA,NA,"3PE1",0,"mat.trad"
"THWS",1,1970,NA,"L7O7","ECEQ",0,"mat.trad"
"163G",0,1970,NA,"2DS2","HN9V",0,"mat.trad"
"TAY3",0,1970,NA,NA,NA,0,"mat.trad"
"XFLC",1,1970,NA,"2RXV","LI78",0,"mat.trad"
"44FB",1,1970,NA,NA,"UGYV",0,"mat.trad"
"97V4",0,1970,NA,NA,NA,0,"mat.trad"
"1GS5",0,1970,NA,"YNZ9","2XG9",0,"mat.trad"
"TYTX",0,1970,NA,NA,NA,0,"mat.trad"
"R2DA",1,1970,NA,"W0IM","WCLY",0,"mat.trad"
"OCLS",0,1970,NA,NA,"U91U",0,"mat.trad"
"FHXI",0,1970,NA,NA,"Z6RF",0,"mat.trad"
"M3O7",1,1970,NA,NA,"S9Z5",0,"mat.trad"
"YHR0",1,1970,NA,"CPMZ","6V38",0,"mat.trad"
"BYMJ",0,1970,NA,"3FQ1","KVIJ",0,"mat.trad"
"1IRQ",0,1970,NA,"23DQ","COMP",0,"mat.trad"
"MFYE",1,1970,NA,"SE61","JUXD",0,"mat.trad"
"6C0D",1,1970,NA,NA,"YR4G",0,"mat.trad"
"QI0Q",0,1970,NA,NA,"S8I2",0,"mat.trad"
"CXGW",0,1970,NA,NA,NA,0,"mat.trad"
"50AA",0,1970,NA,NA,NA,1,"patrilineal"
"3ARH",1,1970,NA,NA,NA,1,"patrilineal"
"29II",0,1970,NA,NA,NA,1,"patrilineal"
"SURF",0,1970,NA,NA,NA,1,"patrilineal"
"HJET",0,1970,NA,NA,"YQ4N",1,"patrilineal"
"J4P9",1,1971,NA,NA,NA,0,"mat.tourist"
"EZ4B",0,1971,NA,NA,NA,0,"mat.tourist"
"3W8J",1,1971,NA,NA,"LAVC",0,"mat.tourist"
"S6SX",0,1971,NA,NA,NA,0,"mat.tourist"
"JM5L",0,1971,NA,NA,"9G1J",0,"mat.tourist"
"AGBT",0,1971,NA,"4QHC","R7YF",0,"mat.tourist"
"P1WW",0,1971,NA,"76RI","SJ30",0,"mat.tourist"
"YP2R",1,1971,NA,NA,"DJN3",0,"mat.tourist"
"QLOF",1,1971,NA,NA,NA,0,"mat.tourist"
"Q1SH",1,1971,NA,NA,"PLHP",0,"mat.trad"
"N54I",1,1971,NA,NA,"ONM0",0,"mat.trad"
"YMLV",1,1971,NA,NA,NA,0,"mat.trad"
"YLVP",0,1971,NA,NA,"GPH9",0,"mat.trad"
"M9BQ",0,1971,NA,NA,"X5XY",0,"mat.trad"
"BI7S",0,1971,NA,NA,NA,0,"mat.trad"
"WTFT",0,1971,NA,NA,"7HCV",0,"mat.trad"
"K3YO",1,1971,NA,NA,"AV0K",0,"mat.trad"
"SIHK",0,1971,NA,NA,"OSLV",0,"mat.trad"
"D7IM",0,1971,NA,NA,"RS20",0,"mat.trad"
"6X18",1,1971,NA,NA,NA,0,"mat.trad"
"6WMH",0,1971,NA,NA,"S7X9",0,"mat.trad"
"DM4Q",1,1971,NA,"YNZ9","2XG9",0,"mat.trad"
"PI4R",0,1971,NA,NA,NA,0,"mat.trad"
"550Z",1,1971,NA,NA,"R1Q6",0,"mat.trad"
"15C1",1,1971,NA,NA,"JQ3O",0,"mat.trad"
"78M5",0,1971,NA,"3FYQ",NA,1,"patrilineal"
"JZVL",1,1971,NA,NA,"TGBA",1,"patrilineal"
"48S3",0,1971,NA,NA,"ZVIS",1,"patrilineal"
"EMAI",1,1971,NA,NA,NA,1,"patrilineal"
"TNEH",1,1971,NA,NA,NA,1,"patrilineal"
"W56W",0,1971,NA,NA,NA,1,"patrilineal"
"T6M3",1,1971,NA,"EE0P","ZMEI",1,"patrilineal"
"WPR1",1,1971,NA,NA,NA,1,"patrilineal"
"F721",0,1971,NA,NA,NA,1,"patrilineal"
"OA95",1,1971,NA,NA,NA,1,"patrilineal"
"DVNY",0,1971,NA,NA,"P8A5",1,"patrilineal"
"IXNJ",0,1971,NA,"ZMFV","2GGY",1,"patrilineal"
"V50H",0,1972,NA,"NG2G","9SQO",0,"mat.tourist"
"P8EJ",1,1972,NA,NA,"LAVC",0,"mat.tourist"
"988Q",1,1972,NA,"CV27","8TMU",0,"mat.tourist"
"UZGL",0,1972,NA,NA,NA,0,"mat.tourist"
"S1KB",0,1972,NA,NA,"85EI",0,"mat.tourist"
"CMLR",0,1972,NA,NA,NA,0,"mat.tourist"
"8UYY",0,1972,NA,"1UZ8","OW57",0,"mat.tourist"
"GR1R",1,1972,NA,NA,NA,0,"mat.tourist"
"3F1B",0,1972,NA,NA,NA,0,"mat.tourist"
"O23V",0,1972,NA,NA,NA,0,"mat.tourist"
"I4BO",1,1972,NA,NA,NA,0,"mat.tourist"
"10BD",0,1972,NA,NA,NA,0,"mat.tourist"
"G428",1,1972,NA,NA,NA,0,"mat.tourist"
"Q0CH",1,1972,NA,NA,NA,0,"mat.trad"
"Y6N4",0,1972,NA,NA,"ONM0",0,"mat.trad"
"ER7U",1,1972,NA,NA,NA,0,"mat.trad"
"U5BI",0,1972,NA,"O2O1","8XG0",0,"mat.trad"
"WJFZ",1,1972,NA,"68F1","R8ZB",0,"mat.trad"
"H3T9",1,1972,NA,"2MPN",NA,0,"mat.trad"
"PJMQ",0,1972,NA,NA,NA,0,"mat.trad"
"MBZ1",0,1972,NA,"L7O7","ECEQ",0,"mat.trad"
"YV0G",0,1972,NA,NA,"ZA3L",0,"mat.trad"
"YCIO",0,1972,NA,NA,"X8AU",0,"mat.trad"
"TN55",1,1972,NA,NA,NA,0,"mat.trad"
"BC71",1,1972,NA,NA,"UGYV",0,"mat.trad"
"ZGIV",0,1972,NA,NA,NA,0,"mat.trad"
"A8XA",1,1972,NA,NA,"2RVH",0,"mat.trad"
"5NL9",0,1972,NA,NA,"4F80",0,"mat.trad"
"CVDN",1,1972,NA,NA,"BNAP",0,"mat.trad"
"RGFK",0,1972,NA,NA,"Z6RF",0,"mat.trad"
"XOHZ",0,1972,NA,NA,"DX1Z",0,"mat.trad"
"4WZK",0,1972,NA,"23DQ","COMP",0,"mat.trad"
"KJRI",1,1972,NA,NA,"S8I2",0,"mat.trad"
"UF3T",0,1972,NA,NA,NA,1,"patrilineal"
"B6MX",1,1972,NA,NA,"94M9",1,"patrilineal"
"GQAO",1,1972,NA,NA,NA,1,"patrilineal"
"N2LL",1,1972,NA,NA,NA,1,"patrilineal"
"6YDR",1,1972,NA,"EZVV","H5WZ",1,"patrilineal"
"4T5G",0,1972,NA,NA,NA,1,"patrilineal"
"FNEA",1,1972,NA,NA,"ZPKM",1,"patrilineal"
"6C43",1,1972,NA,NA,"YQ4N",1,"patrilineal"
"JJTR",0,1973,NA,NA,NA,0,"mat.tourist"
"H7WR",0,1973,NA,NA,NA,0,"mat.tourist"
"8MMC",0,1973,NA,NA,"QETZ",0,"mat.tourist"
"9YWB",1,1973,NA,NA,"ET7Q",0,"mat.tourist"
"ZZEA",0,1973,NA,NA,NA,0,"mat.tourist"
"3MI9",0,1973,NA,NA,NA,0,"mat.tourist"
"3U0V",1,1973,NA,NA,NA,0,"mat.tourist"
"HLOK",0,1973,NA,"JWZG","KYVW",0,"mat.tourist"
"GFBJ",0,1973,NA,NA,NA,0,"mat.tourist"
"WD9C",0,1973,NA,NA,NA,0,"mat.tourist"
"HII7",1,1973,NA,NA,"DJN3",0,"mat.tourist"
"AG2N",1,1973,NA,NA,"ZCIR",0,"mat.tourist"
"Y3FV",0,1973,NA,NA,NA,0,"mat.tourist"
"LXLL",0,1973,NA,"GRGD","NM1W",0,"mat.trad"
"O931",1,1973,NA,"GRGD","NM1W",0,"mat.trad"
"7U4C",1,1973,NA,NA,"N29E",0,"mat.trad"
"5ZQT",0,1973,NA,NA,"6EZK",0,"mat.trad"
"TLYU",0,1973,NA,NA,"G3HE",0,"mat.trad"
"IQSN",1,1973,NA,NA,"GPH9",0,"mat.trad"
"YWEM",1,1973,NA,NA,NA,0,"mat.trad"
"9NQH",1,1973,NA,"VPEY",NA,0,"mat.trad"
"10R7",0,1973,NA,NA,NA,0,"mat.trad"
"AL9M",0,1973,NA,NA,NA,0,"mat.trad"
"8W3Z",0,1973,NA,NA,"7HCV",0,"mat.trad"
"EIQH",1,1973,NA,NA,"I12H",0,"mat.trad"
"2PBW",1,1973,NA,"2RXV","LI78",0,"mat.trad"
"V9TG",0,1973,NA,NA,NA,0,"mat.trad"
"K7Y4",1,1973,NA,NA,NA,0,"mat.trad"
"0SJH",1,1973,NA,"YNZ9","2XG9",0,"mat.trad"
"Q8MO",0,1973,NA,"W0IM","WCLY",0,"mat.trad"
"RVIH",0,1973,NA,NA,"R1Q6",0,"mat.trad"
"1O7A",0,1973,NA,NA,"WIAC",0,"mat.trad"
"DLCV",0,1973,NA,NA,NA,0,"mat.trad"
"N6NJ",1,1973,NA,NA,"8SJ6",0,"mat.trad"
"1KRM",0,1973,NA,NA,"U91U",0,"mat.trad"
"8KD6",1,1973,NA,NA,NA,1,"patrilineal"
"GIU1",0,1973,NA,NA,NA,1,"patrilineal"
"1J34",1,1973,NA,NA,"ZVIS",1,"patrilineal"
"P0V5",0,1973,NA,NA,NA,1,"patrilineal"
"B0LQ",1,1973,NA,NA,NA,1,"patrilineal"
"1574",0,1973,NA,NA,NA,1,"patrilineal"
"ECQQ",0,1973,NA,NA,"NO7U",1,"patrilineal"
"D43J",0,1973,NA,NA,"YUAF",1,"patrilineal"
"D0JI",0,1973,NA,"ZMFV","2GGY",1,"patrilineal"
"1TNI",1,1974,NA,"NG2G","9SQO",0,"mat.tourist"
"68FQ",1,1974,NA,NA,"67UK",0,"mat.tourist"
"7533",0,1974,NA,NA,NA,0,"mat.tourist"
"Q5YV",0,1974,NA,NA,"LAVC",0,"mat.tourist"
"0HLI",1,1974,NA,"CV27","8TMU",0,"mat.tourist"
"2NTE",1,1974,NA,NA,NA,0,"mat.tourist"
"DJAZ",0,1974,NA,"76RI","SJ30",0,"mat.tourist"
"4EGE",0,1974,NA,NA,NA,0,"mat.tourist"
"023B",0,1974,NA,NA,NA,0,"mat.tourist"
"SCJX",1,1974,NA,NA,NA,0,"mat.tourist"
"ZVLV",0,1974,NA,NA,NA,0,"mat.trad"
"N5R9",0,1974,NA,NA,"PLHP",0,"mat.trad"
"Z68F",1,1974,NA,"8D7Y","8CI6",0,"mat.trad"
"SHXZ",1,1974,NA,NA,"H8Q8",0,"mat.trad"
"0PS1",0,1974,NA,NA,NA,0,"mat.trad"
"J0WN",1,1974,NA,"2MPN",NA,0,"mat.trad"
"OO3E",0,1974,NA,"2QTQ","P5RN",0,"mat.trad"
"BB3Z",1,1974,NA,NA,"BAMY",0,"mat.trad"
"VQQ9",0,1974,NA,NA,NA,0,"mat.trad"
"11WN",0,1974,NA,NA,"ZA3L",0,"mat.trad"
"3C3D",1,1974,NA,"HXZK","F082",0,"mat.trad"
"AIB7",1,1974,NA,NA,"X8AU",0,"mat.trad"
"ISWH",1,1974,NA,NA,NA,0,"mat.trad"
"VIYC",0,1974,NA,NA,"UGYV",0,"mat.trad"
"9940",0,1974,NA,NA,"RS20",0,"mat.trad"
"MX46",0,1974,NA,"Y3DW","0WMB",0,"mat.trad"
"QN3H",0,1974,NA,NA,"S7X9",0,"mat.trad"
"EFSX",1,1974,NA,NA,"4F80",0,"mat.trad"
"FKOL",0,1974,NA,NA,"BNAP",0,"mat.trad"
"GDE4",0,1974,NA,"CPMZ","6V38",0,"mat.trad"
"GGLJ",0,1974,NA,NA,"DX1Z",0,"mat.trad"
"ZBEP",0,1974,NA,NA,"ISVT",0,"mat.trad"
"ZYXH",1,1974,NA,NA,NA,1,"patrilineal"
"FZM4",1,1974,NA,"EZVV","H5WZ",1,"patrilineal"
"ZXTL",1,1974,NA,NA,NA,1,"patrilineal"
"L7NQ",0,1974,NA,NA,"EL82",1,"patrilineal"
"IMPE",1,1974,NA,"J26S",NA,1,"patrilineal"
"ZDEB",0,1974,NA,NA,NA,1,"patrilineal"
"5QOF",1,1974,NA,"GRQ9","BBO7",1,"patrilineal"
"8A84",0,1974,NA,"UBH3","ZXJF",1,"patrilineal"
"8OG5",0,1974,NA,NA,"ZV1A",1,"patrilineal"
"2UBV",1,1974,NA,NA,NA,1,"patrilineal"
"NA8U",1,1974,NA,NA,"P8A5",1,"patrilineal"
"T73T",1,1975,NA,NA,"ET7Q",0,"mat.tourist"
"Y5YX",0,1975,NA,NA,"9G1J",0,"mat.tourist"
"FR0B",0,1975,NA,NA,"85EI",0,"mat.tourist"
"ENDX",0,1975,NA,"JWZG","KYVW",0,"mat.tourist"
"7XV2",0,1975,NA,NA,"7VOF",0,"mat.tourist"
"6WQH",1,1975,NA,NA,NA,0,"mat.tourist"
"B1YV",1,1975,NA,NA,"ONM0",0,"mat.trad"
"9V12",1,1975,NA,"U29Z","RSWL",0,"mat.trad"
"DOWG",0,1975,NA,NA,"N29E",0,"mat.trad"
"2YIL",0,1975,NA,NA,"GPH9",0,"mat.trad"
"AF2C",1,1975,NA,"2DS2","HN9V",0,"mat.trad"
"R5IK",0,1975,NA,NA,"7HCV",0,"mat.trad"
"TYYP",1,1975,NA,"506H","2V0L",0,"mat.trad"
"NAPH",1,1975,NA,"W0IM","WCLY",0,"mat.trad"
"5EWD",1,1975,NA,NA,NA,0,"mat.trad"
"ATW4",1,1975,NA,NA,"U91U",0,"mat.trad"
"KKSL",0,1975,NA,NA,"Z6RF",0,"mat.trad"
"PQVN",0,1975,NA,NA,"Z6RF",0,"mat.trad"
"MR2M",0,1975,NA,NA,NA,0,"mat.trad"
"M7Y2",0,1975,NA,NA,"S8I2",0,"mat.trad"
"9LOD",1,1975,NA,NA,NA,1,"patrilineal"
"QPKN",1,1975,NA,"WL4D",NA,1,"patrilineal"
"KNFD",0,1975,NA,NA,NA,1,"patrilineal"
"5OZK",1,1975,NA,NA,NA,1,"patrilineal"
"GLUU",1,1975,NA,NA,"ZPKM",1,"patrilineal"
"GY9E",1,1975,NA,"EE0P","ZMEI",1,"patrilineal"
"N16P",1,1975,NA,NA,"YQ4N",1,"patrilineal"
"J8Z1",0,1975,NA,"1F1Q","VOZ4",1,"patrilineal"
"3Z2M",1,1975,NA,"2BO3","BUMP",1,"patrilineal"
"HI6C",0,1975,NA,NA,NA,1,"patrilineal"
"5UCD",1,1975,NA,"ZMFV","2GGY",1,"patrilineal"
"UQ94",1,1975,NA,NA,NA,1,"patrilineal"
"2EU2",1,1976,NA,"HNWU","KCDF",0,"mat.tourist"
"EV85",1,1976,NA,NA,"67UK",0,"mat.tourist"
"UAOH",0,1976,NA,NA,"LAVC",0,"mat.tourist"
"03I5",0,1976,NA,"CV27","8TMU",0,"mat.tourist"
"963C",1,1976,NA,"4QHC","R7YF",0,"mat.tourist"
"R4YP",1,1976,NA,"76RI","SJ30",0,"mat.tourist"
"33YT",0,1976,NA,"1UZ8","OW57",0,"mat.tourist"
"JIR0",0,1976,NA,NA,"GR72",0,"mat.tourist"
"G6GC",0,1976,NA,NA,NA,0,"mat.tourist"
"R033",1,1976,NA,"Q8JB","KDPO",0,"mat.tourist"
"D886",0,1976,NA,"5VWY","FMII",0,"mat.tourist"
"0HTE",0,1976,NA,NA,"DJN3",0,"mat.tourist"
"JQ0I",1,1976,NA,"JIQF","FIXA",0,"mat.tourist"
"VGCM",1,1976,NA,NA,"7VOF",0,"mat.tourist"
"NO05",1,1976,NA,NA,NA,0,"mat.tourist"
"9SMZ",1,1976,NA,NA,NA,0,"mat.tourist"
"NCOQ",1,1976,NA,NA,NA,0,"mat.tourist"
"PE1J",1,1976,NA,"8D7Y","8CI6",0,"mat.trad"
"B3IZ",0,1976,NA,NA,"6EZK",0,"mat.trad"
"6A8T",0,1976,NA,NA,"H8Q8",0,"mat.trad"
"T34B",1,1976,NA,NA,NA,0,"mat.trad"
"NYV6",0,1976,NA,"68F1","R8ZB",0,"mat.trad"
"8056",1,1976,NA,"HXZK","F082",0,"mat.trad"
"95YD",0,1976,NA,NA,"RS20",0,"mat.trad"
"04K0",0,1976,NA,"Y3DW","0WMB",0,"mat.trad"
"VEY4",1,1976,NA,NA,"S7X9",0,"mat.trad"
"ATTW",0,1976,NA,NA,"2RVH",0,"mat.trad"
"MAJ7",1,1976,NA,"YNZ9","2XG9",0,"mat.trad"
"W4AQ",1,1976,NA,NA,"4F80",0,"mat.trad"
"XLP3",0,1976,NA,"WRXH","KKV5",0,"mat.trad"
"47OW",0,1976,NA,NA,NA,0,"mat.trad"
"QPTU",0,1976,NA,"23DQ","COMP",0,"mat.trad"
"ON2D",0,1976,NA,NA,"YR4G",0,"mat.trad"
"99EG",1,1976,NA,NA,"V5WQ",1,"patrilineal"
"NQ6E",1,1976,NA,NA,NA,1,"patrilineal"
"U4DN",1,1976,NA,NA,NA,1,"patrilineal"
"V9B0",0,1976,NA,NA,NA,1,"patrilineal"
"741K",1,1976,NA,NA,NA,1,"patrilineal"
"A3EV",1,1976,NA,"EE0P","ZMEI",1,"patrilineal"
"L8TU",0,1976,NA,NA,"YUAF",1,"patrilineal"
"8VN2",0,1976,NA,NA,NA,1,"patrilineal"
"JAUZ",0,1976,NA,NA,"ZV1A",1,"patrilineal"
"ROY0",1,1977,NA,NA,NA,0,"mat.tourist"
"XOTB",0,1977,NA,"NG2G","9SQO",0,"mat.tourist"
"MGKF",0,1977,NA,"HNWU","KCDF",0,"mat.tourist"
"5B5V",0,1977,NA,NA,"85EI",0,"mat.tourist"
"ENRG",1,1977,NA,NA,"NS65",0,"mat.tourist"
"0HL0",0,1977,NA,NA,NA,0,"mat.tourist"
"ZFJ8",1,1977,NA,NA,NA,0,"mat.tourist"
"1YA0",1,1977,NA,NA,NA,0,"mat.tourist"
"8165",1,1977,NA,NA,NA,0,"mat.tourist"
"EIBP",0,1977,NA,NA,"Y2BG",0,"mat.tourist"
"8VYJ",1,1977,NA,NA,"PLHP",0,"mat.trad"
"SZUM",1,1977,NA,"GRGD","NM1W",0,"mat.trad"
"GDDM",0,1977,NA,NA,"ONM0",0,"mat.trad"
"03TW",0,1977,NA,NA,"6BH2",0,"mat.trad"
"R7E6",0,1977,NA,"FYQ6","XRWB",0,"mat.trad"
"87J8",0,1977,NA,"VPEY",NA,0,"mat.trad"
"H76E",0,1977,NA,NA,NA,0,"mat.trad"
"AGYL",1,1977,NA,NA,NA,0,"mat.trad"
"ECMW",1,1977,NA,"2DS2","HN9V",0,"mat.trad"
"VCUP",0,1977,NA,NA,"7HCV",0,"mat.trad"
"A2R9",0,1977,NA,NA,"X8AU",0,"mat.trad"
"FV92",0,1977,NA,"8U4B","2FER",0,"mat.trad"
"SMFR",1,1977,NA,NA,NA,0,"mat.trad"
"RMNU",0,1977,NA,NA,"UGYV",0,"mat.trad"
"SFMO",1,1977,NA,"506H","2V0L",0,"mat.trad"
"FMGC",0,1977,NA,NA,NA,0,"mat.trad"
"6HGW",0,1977,NA,"Y3DW","0WMB",0,"mat.trad"
"42UR",1,1977,NA,NA,"R1Q6",0,"mat.trad"
"19Z8",1,1977,NA,NA,"8SJ6",0,"mat.trad"
"GG9E",1,1977,NA,NA,"BNAP",0,"mat.trad"
"CQIE",1,1977,NA,NA,"Z6RF",0,"mat.trad"
"YTMS",1,1977,NA,NA,"DX1Z",0,"mat.trad"
"F4LV",0,1977,NA,"3FQ1","KVIJ",0,"mat.trad"
"4HJ5",0,1977,NA,"SE61","JUXD",0,"mat.trad"
"CVQR",1,1977,NA,NA,"S8I2",0,"mat.trad"
"JFBN",0,1977,NA,NA,NA,1,"patrilineal"
"VZLC",0,1977,NA,NA,NA,1,"patrilineal"
"OKN3",0,1977,NA,NA,NA,1,"patrilineal"
"L6NR",1,1977,NA,NA,"ZPKM",1,"patrilineal"
"ZAY1",0,1977,NA,"1F1Q","VOZ4",1,"patrilineal"
"WKWH",1,1977,NA,"J26S",NA,1,"patrilineal"
"BL7B",0,1977,NA,"2BO3","BUMP",1,"patrilineal"
"SVTM",0,1977,NA,"UBH3","ZXJF",1,"patrilineal"
"E3BQ",1,1978,NA,NA,"QETZ",0,"mat.tourist"
"T8G2",0,1978,NA,NA,"WQ62",0,"mat.tourist"
"WMRD",1,1978,NA,NA,"9G1J",0,"mat.tourist"
"JOV8",0,1978,NA,"IZGQ","FIZN",0,"mat.tourist"
"ESYY",1,1978,NA,"JWZG","KYVW",0,"mat.tourist"
"037M",0,1978,NA,"1UZ8","OW57",0,"mat.tourist"
"G3G1",0,1978,NA,"Q8JB","KDPO",0,"mat.tourist"
"3AKY",1,1978,NA,"5VWY","FMII",0,"mat.tourist"
"HZEV",0,1978,NA,NA,NA,0,"mat.tourist"
"Z91H",0,1978,NA,NA,NA,0,"mat.tourist"
"L1HC",0,1978,NA,"8D7Y","8CI6",0,"mat.trad"
"UE95",1,1978,NA,NA,NA,0,"mat.trad"
"0VYZ",1,1978,NA,"U29Z","RSWL",0,"mat.trad"
"69Q0",0,1978,NA,NA,"N29E",0,"mat.trad"
"SGU0",1,1978,NA,NA,"H8Q8",0,"mat.trad"
"ZN66",0,1978,NA,"O2O1","8XG0",0,"mat.trad"
"H6TY",0,1978,NA,"68F1","R8ZB",0,"mat.trad"
"3UAV",0,1978,NA,"2QTQ","P5RN",0,"mat.trad"
"V307",0,1978,NA,NA,NA,0,"mat.trad"
"GVCB",1,1978,NA,"L7O7","ECEQ",0,"mat.trad"
"IK7F",0,1978,NA,"HXZK","F082",0,"mat.trad"
"UNP3",0,1978,NA,NA,NA,0,"mat.trad"
"F4XW",0,1978,NA,NA,"RS20",0,"mat.trad"
"EUD6",0,1978,NA,NA,"S7X9",0,"mat.trad"
"R60X",0,1978,NA,"WRXH","KKV5",0,"mat.trad"
"R05W",0,1978,NA,NA,NA,0,"mat.trad"
"9PEM",1,1978,NA,NA,"ZVIS",1,"patrilineal"
"0RV9",0,1978,NA,NA,"ZPKM",1,"patrilineal"
"A8LC",1,1978,NA,NA,"EL82",1,"patrilineal"
"1WTJ",0,1978,NA,NA,"YUAF",1,"patrilineal"
"NQFY",0,1978,NA,NA,"P8A5",1,"patrilineal"
"D2H9",0,1979,NA,"NG2G","9SQO",0,"mat.tourist"
"XG92",1,1979,NA,NA,"LAVC",0,"mat.tourist"
"12XW",1,1979,NA,"CV27","8TMU",0,"mat.tourist"
"LUDS",0,1979,NA,"4QHC","R7YF",0,"mat.tourist"
"AB74",1,1979,NA,"76RI","SJ30",0,"mat.tourist"
"FOG4",0,1979,NA,NA,"Y2BG",0,"mat.tourist"
"ZPEO",0,1979,NA,NA,"KLUR",0,"mat.tourist"
"PC3R",0,1979,NA,"JIQF","FIXA",0,"mat.tourist"
"BO73",0,1979,NA,NA,"7VOF",0,"mat.tourist"
"VY6Z",1,1979,NA,"LXBO","IFK9",0,"mat.tourist"
"AZT5",0,1979,NA,"1P1A","I103",0,"mat.trad"
"NPJ1",1,1979,NA,"TJX5","1POY",0,"mat.trad"
"L0O6",1,1979,NA,NA,"I12H",0,"mat.trad"
"7IIZ",0,1979,NA,NA,"UGYV",0,"mat.trad"
"CYU7",1,1979,NA,"23DQ","COMP",0,"mat.trad"
"GZTA",0,1979,NA,NA,NA,1,"patrilineal"
"OFFP",0,1979,NA,NA,"V5WQ",1,"patrilineal"
"SDGL",1,1979,NA,"ZQ8Q","ZNK2",1,"patrilineal"
"AWUD",1,1979,NA,NA,"FR6T",1,"patrilineal"
"7NUK",0,1979,NA,NA,NA,1,"patrilineal"
"MWQ4",0,1979,NA,NA,NA,1,"patrilineal"
"IUH0",1,1979,NA,"EJ7I","4ZDF",1,"patrilineal"
"QKOI",0,1979,NA,NA,NA,1,"patrilineal"
"S60T",0,1979,NA,"ZAX8",NA,1,"patrilineal"
"VFT4",0,1979,NA,NA,NA,1,"patrilineal"
"GEZI",1,1980,NA,NA,NA,0,"mat.tourist"
"1J2Z",0,1980,NA,NA,"CW6L",0,"mat.tourist"
"N12U",1,1980,NA,NA,"GY9S",0,"mat.tourist"
"FB1M",0,1980,NA,"I6D5","EC4P",0,"mat.tourist"
"E2XZ",1,1980,NA,"ZW1T",NA,0,"mat.tourist"
"IUUN",0,1980,NA,NA,"I8QB",0,"mat.trad"
"AD2Y",1,1980,NA,NA,"PLHP",0,"mat.trad"
"X1TF",0,1980,NA,"8CO7","MH4O",0,"mat.trad"
"AH22",1,1980,NA,"8D7Y","8CI6",0,"mat.trad"
"XMQ9",1,1980,NA,"U29Z","RSWL",0,"mat.trad"
"6T4Y",1,1980,NA,"2QTQ","P5RN",0,"mat.trad"
"4019",1,1980,NA,NA,NA,0,"mat.trad"
"0SI2",0,1980,NA,"506H","2V0L",0,"mat.trad"
"9JI7",1,1980,NA,"WRXH","KKV5",0,"mat.trad"
"YAV9",1,1980,NA,NA,"S8I2",0,"mat.trad"
"025P",0,1980,NA,"WL4D",NA,1,"patrilineal"
"O8C2",0,1980,NA,NA,NA,1,"patrilineal"
"RQTV",0,1980,NA,"J26S",NA,1,"patrilineal"
"25H7",0,1980,NA,"GRQ9","BBO7",1,"patrilineal"
"TJV9",0,1980,NA,"0FZW","3DZA",1,"patrilineal"
"KDGP",1,1980,NA,NA,NA,1,"patrilineal"
"JLOK",0,1980,NA,NA,NA,1,"patrilineal"
"SRMA",1,1981,NA,NA,"TZCI",0,"mat.tourist"
"E14N",0,1981,NA,"NG2G","9SQO",0,"mat.tourist"
"8XRN",1,1981,NA,"HNWU","KCDF",0,"mat.tourist"
"NDZ8",1,1981,NA,"7WSF",NA,0,"mat.tourist"
"LBF7",1,1981,NA,NA,"LAVC",0,"mat.tourist"
"UZDS",1,1981,NA,"EMOT","Q6CF",0,"mat.tourist"
"HG6M",1,1981,NA,NA,NA,0,"mat.tourist"
"WA0W",0,1981,NA,"JIQF","FIXA",0,"mat.tourist"
"DN4K",0,1981,NA,NA,"7VOF",0,"mat.tourist"
"Y876",0,1981,NA,"PZ1X",NA,0,"mat.tourist"
"J5B8",1,1981,NA,"LXBO","IFK9",0,"mat.tourist"
"26HV",1,1981,NA,"QZ94","8LWC",0,"mat.trad"
"ZJQZ",0,1981,NA,"G0E6","2C5C",0,"mat.trad"
"XJYV",0,1981,NA,NA,"SNTT",0,"mat.trad"
"79FB",0,1981,NA,NA,NA,0,"mat.trad"
"BB4I",1,1981,NA,NA,"D4EE",0,"mat.trad"
"1NSY",1,1981,NA,"O2O1","8XG0",0,"mat.trad"
"DLKY",0,1981,NA,NA,NA,0,"mat.trad"
"GCV2",0,1981,NA,NA,NA,0,"mat.trad"
"MVZ1",1,1981,NA,"L7O7","ECEQ",0,"mat.trad"
"TZYW",1,1981,NA,"TJX5","1POY",0,"mat.trad"
"P8E0",1,1981,NA,"JS7V","25LV",0,"mat.trad"
"AK9I",1,1981,NA,NA,"RS20",0,"mat.trad"
"TB17",0,1981,NA,NA,"JQ3O",0,"mat.trad"
"ZB8L",1,1981,NA,"23DQ","COMP",0,"mat.trad"
"6XCF",0,1981,NA,NA,"BHLY",0,"mat.trad"
"TTLW",0,1981,NA,NA,"V5WQ",1,"patrilineal"
"59N5",0,1981,NA,"ZQ8Q","ZNK2",1,"patrilineal"
"8RHG",0,1981,NA,NA,NA,1,"patrilineal"
"HFXD",0,1981,NA,NA,NA,1,"patrilineal"
"A64X",1,1981,NA,NA,"FR6T",1,"patrilineal"
"6596",0,1981,NA,NA,NA,1,"patrilineal"
"23W6",0,1981,NA,"EJ7I","4ZDF",1,"patrilineal"
"FG1B",1,1982,NA,"UAED","R0YI",0,"mat.tourist"
"B4DW",0,1982,NA,NA,"QETZ",0,"mat.tourist"
"BFQL",0,1982,NA,NA,"CW6L",0,"mat.tourist"
"4NQY",1,1982,NA,"ML46","W2X5",0,"mat.tourist"
"BJ4K",0,1982,NA,NA,"85EI",0,"mat.tourist"
"P2CN",1,1982,NA,NA,NA,0,"mat.tourist"
"2JF9",1,1982,NA,NA,NA,0,"mat.tourist"
"90PS",0,1982,NA,"8D7Y","8CI6",0,"mat.trad"
"HESJ",1,1982,NA,NA,"ONM0",0,"mat.trad"
"GGQV",0,1982,NA,"MK3Q",NA,0,"mat.trad"
"CQF5",1,1982,NA,NA,NA,0,"mat.trad"
"VVOZ",0,1982,NA,NA,"X5XY",0,"mat.trad"
"8BEK",1,1982,NA,NA,NA,0,"mat.trad"
"53PS",1,1982,NA,NA,NA,0,"mat.trad"
"YP09",0,1982,NA,NA,"UGYV",0,"mat.trad"
"TDII",0,1982,NA,"506H","2V0L",0,"mat.trad"
"PADM",0,1982,NA,NA,"60CP",0,"mat.trad"
"X1KH",0,1982,NA,NA,"S8I2",0,"mat.trad"
"ANS4",1,1982,NA,"I5JG","LZZH",1,"patrilineal"
"0GCH",0,1982,NA,NA,NA,1,"patrilineal"
"8PN8",0,1982,NA,"ZAX8",NA,1,"patrilineal"
"V7D5",1,1983,NA,"S6X0",NA,0,"mat.tourist"
"C35N",0,1983,NA,NA,"TZCI",0,"mat.tourist"
"9E0C",1,1983,NA,"I6D5","EC4P",0,"mat.tourist"
"IOVJ",0,1983,NA,"7WSF",NA,0,"mat.tourist"
"5NVM",1,1983,NA,NA,"PV6N",0,"mat.tourist"
"IHNS",0,1983,NA,"IZGQ","FIZN",0,"mat.tourist"
"76XI",0,1983,NA,NA,NA,0,"mat.tourist"
"6UNY",1,1983,NA,"EMOT","Q6CF",0,"mat.tourist"
"9G0E",0,1983,NA,"1UZ8","OW57",0,"mat.tourist"
"PVOY",1,1983,NA,NA,"GR72",0,"mat.tourist"
"RJ3G",1,1983,NA,"5VWY","FMII",0,"mat.tourist"
"N5JJ",1,1983,NA,"FFG1","PBLI",0,"mat.tourist"
"8WAQ",0,1983,NA,NA,"R9Q5",0,"mat.tourist"
"2IV2",0,1983,NA,"7PF4","OGJS",0,"mat.trad"
"DSK6",0,1983,NA,"J9PR","V4C3",0,"mat.trad"
"I5NS",0,1983,NA,"QZ94","8LWC",0,"mat.trad"
"1UN1",1,1983,NA,"G0E6","2C5C",0,"mat.trad"
"423P",0,1983,NA,"24TZ","9CDQ",0,"mat.trad"
"KMS7",0,1983,NA,NA,NA,0,"mat.trad"
"RSOG",0,1983,NA,NA,"D4EE",0,"mat.trad"
"YBER",1,1983,NA,"U29Z","RSWL",0,"mat.trad"
"15GM",0,1983,NA,"FYQ6","XRWB",0,"mat.trad"
"X9AS",0,1983,NA,"1P1A","I103",0,"mat.trad"
"8H8V",0,1983,NA,"VPEY",NA,0,"mat.trad"
"B5OG",1,1983,NA,NA,"DNJB",0,"mat.trad"
"4JLG",0,1983,NA,"8U4B","2FER",0,"mat.trad"
"FRAX",0,1983,NA,NA,NA,0,"mat.trad"
"2CHY",0,1983,NA,NA,"P443",0,"mat.trad"
"NQWY",0,1983,NA,NA,"S7X9",0,"mat.trad"
"NXHH",0,1983,NA,"LZKR","XAL7",0,"mat.trad"
"OMB3",1,1983,NA,"3FQ1","KVIJ",0,"mat.trad"
"XEP7",1,1983,NA,NA,"3QR9",0,"mat.trad"
"T64K",0,1983,NA,"LS51","U7H4",1,"patrilineal"
"LCR1",1,1983,NA,"SDXZ","5QYT",1,"patrilineal"
"B0TD",1,1983,NA,"RNMO","WU77",1,"patrilineal"
"XGJG",0,1983,NA,NA,"FR6T",1,"patrilineal"
"7SK1",1,1983,NA,"EJ7I","4ZDF",1,"patrilineal"
"KQHF",1,1983,NA,NA,NA,1,"patrilineal"
"FV44",1,1983,NA,"GRQ9","BBO7",1,"patrilineal"
"TKXC",0,1983,NA,"TA2F","WULW",1,"patrilineal"
"22LA",0,1983,NA,NA,NA,1,"patrilineal"
"SF53",0,1984,NA,"S6X0",NA,0,"mat.tourist"
"YH1N",0,1984,NA,NA,"QETZ",0,"mat.tourist"
"CC2D",1,1984,NA,"ML46","W2X5",0,"mat.tourist"
"PK9Q",1,1984,NA,"H1GF","EOW9",0,"mat.tourist"
"MI9Q",0,1984,NA,NA,NA,0,"mat.tourist"
"OB7X",0,1984,NA,"CGB6","RVS3",0,"mat.trad"
"W5EV",0,1984,NA,NA,"CUIU",0,"mat.trad"
"LI6C",0,1984,NA,"ALDU","BJRO",0,"mat.trad"
"T9NK",0,1984,NA,NA,"ONM0",0,"mat.trad"
"RDFH",1,1984,NA,"TJX5","1POY",0,"mat.trad"
"7ZCH",0,1984,NA,"JS7V","25LV",0,"mat.trad"
"BU6S",1,1984,NA,NA,"60CP",0,"mat.trad"
"AYBF",1,1984,NA,"IBMJ","3M3B",0,"mat.trad"
"8DF1",0,1984,NA,"WL4D",NA,1,"patrilineal"
"9YNU",0,1984,NA,"LS51","U7H4",1,"patrilineal"
"52KL",0,1984,NA,NA,NA,1,"patrilineal"
"QVFV",0,1984,NA,NA,NA,1,"patrilineal"
"7L0N",0,1984,NA,NA,NA,1,"patrilineal"
"8PZA",1,1984,NA,"0FZW","3DZA",1,"patrilineal"
"GQ2Q",0,1984,NA,NA,NA,1,"patrilineal"
"1TQ6",0,1984,NA,"BX4Y","UJQ0",1,"patrilineal"
"84HL",0,1985,NA,"UAED","R0YI",0,"mat.tourist"
"COBB",0,1985,NA,NA,"GY9S",0,"mat.tourist"
"1GSX",0,1985,NA,NA,"PV6N",0,"mat.tourist"
"Y4L9",1,1985,NA,"B2NJ","RJLW",0,"mat.tourist"
"TBGC",0,1985,NA,NA,NA,0,"mat.tourist"
"RHL8",0,1985,NA,"IZGQ","FIZN",0,"mat.tourist"
"KWOL",0,1985,NA,NA,"09DG",0,"mat.tourist"
"KGTD",1,1985,NA,"FFG1","PBLI",0,"mat.tourist"
"Q3OS",0,1985,NA,"PZ1X",NA,0,"mat.tourist"
"XS24",0,1985,NA,"BFOM","133J",0,"mat.tourist"
"V6Y1",0,1985,NA,"0HCW","60S6",0,"mat.tourist"
"GA16",1,1985,NA,"7PF4","OGJS",0,"mat.trad"
"PD96",1,1985,NA,"8CO7","MH4O",0,"mat.trad"
"LAOV",1,1985,NA,"J9PR","V4C3",0,"mat.trad"
"PVP3",1,1985,NA,"G0E6","2C5C",0,"mat.trad"
"05YN",1,1985,NA,"24TZ","9CDQ",0,"mat.trad"
"3VXW",0,1985,NA,NA,NA,0,"mat.trad"
"NDD8",0,1985,NA,NA,"JN0R",0,"mat.trad"
"TA1I",0,1985,NA,NA,NA,0,"mat.trad"
"D4XJ",1,1985,NA,"XSOK","KT69",0,"mat.trad"
"XRUP",1,1985,NA,NA,"MUWP",0,"mat.trad"
"L1U6",0,1985,NA,"8ZFN","ISUS",0,"mat.trad"
"QWHJ",0,1985,NA,NA,NA,0,"mat.trad"
"W03F",0,1985,NA,"LZKR","XAL7",0,"mat.trad"
"6SSP",0,1985,NA,"XIHZ","4RP7",0,"mat.trad"
"LRPL",0,1985,NA,"3FQ1","KVIJ",0,"mat.trad"
"TS7H",0,1985,NA,NA,"LM47",0,"mat.trad"
"P48A",0,1985,NA,"FSDX","BQQR",1,"patrilineal"
"O62S",1,1985,NA,"SDXZ","5QYT",1,"patrilineal"
"C7QF",0,1985,NA,NA,NA,1,"patrilineal"
"H8N8",1,1985,NA,"TA2F","WULW",1,"patrilineal"
"4FGD",1,1985,NA,"ZAX8",NA,1,"patrilineal"
"U27Z",0,1985,NA,"BX4Y","UJQ0",1,"patrilineal"
"2G3J",1,1986,NA,"UAED","R0YI",0,"mat.tourist"
"4Z2E",1,1986,NA,"I6D5","EC4P",0,"mat.tourist"
"1MJW",1,1986,NA,"ML46","W2X5",0,"mat.tourist"
"CG15",0,1986,NA,NA,"7X9A",0,"mat.tourist"
"CAA9",1,1986,NA,"5VWY","FMII",0,"mat.tourist"
"D0AV",1,1986,NA,"0HCW","60S6",0,"mat.tourist"
"7J8X",1,1986,NA,NA,"I8QB",0,"mat.trad"
"C6BS",0,1986,NA,"8D7Y","8CI6",0,"mat.trad"
"7OAT",0,1986,NA,NA,"6BH2",0,"mat.trad"
"57O4",1,1986,NA,NA,"H8Q8",0,"mat.trad"
"XIYK",0,1986,NA,NA,NA,0,"mat.trad"
"XIY7",0,1986,NA,NA,"DNJB",0,"mat.trad"
"30ZX",1,1986,NA,"8JBZ","T25I",0,"mat.trad"
"VIHF",0,1986,NA,"8U4B","2FER",0,"mat.trad"
"CB2A",0,1986,NA,NA,NA,0,"mat.trad"
"20JM",0,1986,NA,"LCO0","9TT2",0,"mat.trad"
"UO27",0,1986,NA,NA,NA,0,"mat.trad"
"QLA0",0,1986,NA,NA,"P443",0,"mat.trad"
"PSVV",1,1986,NA,"IBMJ","3M3B",0,"mat.trad"
"NMIA",0,1986,NA,NA,"Y1Z6",0,"mat.trad"
"QUAP",1,1986,NA,"3DVL","5PYK",0,"mat.trad"
"7NDF",0,1986,NA,"23DQ","COMP",0,"mat.trad"
"HHJT",1,1986,NA,"8GK1","RN37",0,"mat.trad"
"1LSA",1,1986,NA,NA,"3QR9",0,"mat.trad"
"HR27",1,1986,NA,"FSDX","BQQR",1,"patrilineal"
"SWZR",1,1986,NA,"LS51","U7H4",1,"patrilineal"
"OOT9",0,1986,NA,"58XL","6H7K",1,"patrilineal"
"8V8E",0,1986,NA,"RNMO","WU77",1,"patrilineal"
"UJC1",1,1986,NA,"GVHX","EGFG",1,"patrilineal"
"6DUN",0,1986,NA,"8CEU","SA2N",1,"patrilineal"
"Q6M2",1,1987,NA,"65AF","C7OX",0,"mat.tourist"
"X8TQ",1,1987,NA,NA,"67UK",0,"mat.tourist"
"VMLL",1,1987,NA,NA,"67UK",0,"mat.tourist"
"7RXV",0,1987,NA,"B2NJ","RJLW",0,"mat.tourist"
"2Y8A",1,1987,NA,"EMOT","Q6CF",0,"mat.tourist"
"GCUC",1,1987,NA,NA,"R9Q5",0,"mat.tourist"
"AQ64",1,1987,NA,NA,"R9Q5",0,"mat.tourist"
"IZKI",0,1987,NA,"ZA2E","E2PF",0,"mat.tourist"
"WPMR",0,1987,NA,"LXBO","IFK9",0,"mat.tourist"
"9PTF",0,1987,NA,"0HCW","60S6",0,"mat.tourist"
"MMPG",1,1987,NA,"H1GF","EOW9",0,"mat.tourist"
"KNCS",0,1987,NA,"QZ94","8LWC",0,"mat.trad"
"KVEP",1,1987,NA,"ALDU","BJRO",0,"mat.trad"
"DM5J",0,1987,NA,NA,"D4EE",0,"mat.trad"
"EGV9",0,1987,NA,"XSOK","KT69",0,"mat.trad"
"X9ZF",1,1987,NA,"2DS2","HN9V",0,"mat.trad"
"H33I",0,1987,NA,NA,"MUWP",0,"mat.trad"
"HQSI",1,1987,NA,"8ZFN","ISUS",0,"mat.trad"
"QYIN",1,1987,NA,NA,"IH5R",0,"mat.trad"
"UM9W",1,1987,NA,"JS7V","25LV",0,"mat.trad"
"VR1A",0,1987,NA,NA,"CQ31",0,"mat.trad"
"Z261",1,1987,NA,NA,"Y1Z6",0,"mat.trad"
"W0VP",0,1987,NA,NA,"IOMX",0,"mat.trad"
"3H3U",0,1987,NA,"3DVL","5PYK",0,"mat.trad"
"9UWN",0,1987,NA,"8CEU","SA2N",1,"patrilineal"
"DNAR",0,1987,NA,"ONNV","SURF",1,"patrilineal"
"1M5R",0,1987,NA,NA,NA,1,"patrilineal"
"EB3I",1,1987,NA,"TA2F","WULW",1,"patrilineal"
"68ML",1,1987,NA,"BX4Y","UJQ0",1,"patrilineal"
"NCWQ",1,1988,NA,NA,"MECV",0,"mat.tourist"
"XPZH",0,1988,NA,NA,"7X9A",0,"mat.tourist"
"V8A6",0,1988,NA,NA,"7X9A",0,"mat.tourist"
"Q8BO",1,1988,NA,"COEF","TANL",0,"mat.tourist"
"WHVS",0,1988,NA,"CGB6","RVS3",0,"mat.trad"
"19NK",1,1988,NA,NA,"CUIU",0,"mat.trad"
"CZ2E",0,1988,NA,NA,"JN0R",0,"mat.trad"
"1YKM",0,1988,NA,"ESOU","W1YA",0,"mat.trad"
"ZN5L",0,1988,NA,"1SJ0","O1OZ",0,"mat.trad"
"H2RB",0,1988,NA,"8U4B","2FER",0,"mat.trad"
"7DFI",0,1988,NA,"NF77","YIWM",0,"mat.trad"
"UAKW",0,1988,NA,NA,"P443",0,"mat.trad"
"S9QV",0,1988,NA,NA,"XAL7",0,"mat.trad"
"QDG9",1,1988,NA,NA,"60CP",0,"mat.trad"
"TAW5",1,1988,NA,"IBMJ","3M3B",0,"mat.trad"
"MUQ7",1,1988,NA,"3FQ1","KVIJ",0,"mat.trad"
"1D1A",0,1988,NA,"8GK1","RN37",0,"mat.trad"
"EZA9",1,1988,NA,"58XL","6H7K",1,"patrilineal"
"URSL",1,1988,NA,"SDXZ","5QYT",1,"patrilineal"
"SRYP",1,1988,NA,"GVHX","EGFG",1,"patrilineal"
"EMRD",1,1989,NA,NA,"5IQA",0,"mat.tourist"
"O2SZ",1,1989,NA,"J4RI","O24F",0,"mat.tourist"
"FDCQ",1,1989,NA,"5W0C","CMLR",0,"mat.tourist"
"U0KN",1,1989,NA,NA,NA,0,"mat.tourist"
"XT14",0,1989,NA,"PZ1X",NA,0,"mat.tourist"
"LO13",0,1989,NA,"ZA2E","E2PF",0,"mat.tourist"
"Q2WB",1,1989,NA,"3X2T","5LR0",0,"mat.trad"
"3XQN",1,1989,NA,"5SHQ","XLTD",0,"mat.trad"
"O4E8",1,1989,NA,NA,"XG3J",0,"mat.trad"
"XDXT",1,1989,NA,NA,"DK5H",0,"mat.trad"
"L8C8",1,1989,NA,NA,"FHXI",0,"mat.trad"
"43DE",0,1989,NA,NA,"CQ31",0,"mat.trad"
"2P0H",0,1989,NA,"5W5Z","LHPL",1,"patrilineal"
"U8E8",0,1989,NA,"8CEU","SA2N",1,"patrilineal"
"AFF5",0,1989,NA,"TNEH","78M5",1,"patrilineal"
"DHO5",0,1989,NA,"M2PC","48S3",1,"patrilineal"
"TV8B",1,1990,NA,NA,"3ECC",0,"mat.tourist"
"2RWZ",1,1990,NA,"3T7I","ILQ4",0,"mat.tourist"
"ZPXF",0,1990,NA,NA,"MECV",0,"mat.tourist"
"TSST",0,1990,NA,NA,"09DG",0,"mat.tourist"
"MMRE",1,1990,NA,"AG2N",NA,0,"mat.tourist"
"O7N1",1,1990,NA,"COEF","TANL",0,"mat.tourist"
"HU86",0,1990,NA,NA,"J0IF",0,"mat.tourist"
"L1EN",1,1990,NA,"JDFL","BTOO",0,"mat.tourist"
"XK1Z",0,1990,NA,"3X2T","5LR0",0,"mat.trad"
"5LPX",1,1990,NA,"9U89","MWNN",0,"mat.trad"
"LW8J",0,1990,NA,NA,"X5HE",0,"mat.trad"
"P822",0,1990,NA,"7VG2","5CXO",0,"mat.trad"
"1C0Q",0,1990,NA,"2EYK","PAO3",0,"mat.trad"
"0W5Q",0,1990,NA,"M8CU","OV1R",0,"mat.trad"
"5RLN",0,1990,NA,"8JBZ","T25I",0,"mat.trad"
"G4UQ",0,1990,NA,"GAZQ","LT78",0,"mat.trad"
"OFR5",1,1990,NA,"NF77","YIWM",0,"mat.trad"
"8IKK",1,1990,NA,NA,"1GS5",0,"mat.trad"
"EY92",0,1990,NA,"SOVG","N2MS",0,"mat.trad"
"Q7ED",1,1990,NA,"LKYA","163G",0,"mat.trad"
"H1NJ",0,1990,NA,"MUK1","PI4R",0,"mat.trad"
"K5RB",0,1990,NA,NA,"DK5H",0,"mat.trad"
"LFX9",0,1990,NA,"XIHZ","4RP7",0,"mat.trad"
"7JDL",0,1990,NA,NA,"XOHZ",0,"mat.trad"
"0BXQ",1,1990,NA,NA,"4DM1",0,"mat.trad"
"Z1RQ",0,1990,NA,NA,"3QR9",0,"mat.trad"
"XLI1",0,1990,NA,"FSDX","BQQR",1,"patrilineal"
"R9R6",1,1990,NA,"3ARH","29II",1,"patrilineal"
"HS08",0,1990,NA,"TNEH","78M5",1,"patrilineal"
"OEF0",1,1990,NA,"ONNV","SURF",1,"patrilineal"
"36GE",0,1991,NA,"3T7I","ILQ4",0,"mat.tourist"
"KOI4",1,1991,NA,"ML46","W2X5",0,"mat.tourist"
"LTDH",1,1991,NA,"54LC","EZ4B",0,"mat.tourist"
"6YPK",0,1991,NA,NA,"S6SX",0,"mat.tourist"
"5L57",1,1991,NA,"TTEA","5W48",0,"mat.tourist"
"LUF0",1,1991,NA,"ZA2E","E2PF",0,"mat.tourist"
"732W",0,1991,NA,"7T6H","0VIR",0,"mat.tourist"
"0ZS7",1,1991,NA,NA,"JN0R",0,"mat.trad"
"R3Z7",1,1991,NA,"5SHQ","XLTD",0,"mat.trad"
"JO1V",0,1991,NA,NA,"0PS1",0,"mat.trad"
"MCXM",1,1991,NA,NA,"BI7S",0,"mat.trad"
"BVNI",0,1991,NA,NA,"XG3J",0,"mat.trad"
"HJ5W",0,1991,NA,"PU30","NYDJ",0,"mat.trad"
"D5PV",0,1991,NA,"GAZQ","LT78",0,"mat.trad"
"YKP1",1,1991,NA,"YHR0","5NL9",0,"mat.trad"
"PK00",0,1991,NA,NA,"ADQD",0,"mat.trad"
"RT5B",0,1991,NA,"8LG5","52FX",0,"mat.trad"
"CTRS",0,1991,NA,NA,"FHXI",0,"mat.trad"
"36DP",0,1991,NA,"9P2U","ZBEP",0,"mat.trad"
"6Q68",0,1991,NA,"B0LQ","31L8",1,"patrilineal"
"RQN1",1,1991,NA,"M2PC","48S3",1,"patrilineal"
"RTFM",0,1992,NA,"PU38","AGBT",0,"mat.tourist"
"2ODW",0,1992,NA,NA,"MECV",0,"mat.tourist"
"TD7A",1,1992,NA,"KVHN","8MMC",0,"mat.tourist"
"JJ2E",0,1992,NA,NA,"P1WW",0,"mat.tourist"
"BC4D",0,1992,NA,"Y1CE",NA,0,"mat.tourist"
"BY2M",1,1992,NA,"1CMB","AYXW",0,"mat.trad"
"7Y4J",1,1992,NA,"ESOU","W1YA",0,"mat.trad"
"6WVS",0,1992,NA,"1SJ0","O1OZ",0,"mat.trad"
"MHEE",1,1992,NA,NA,"6KEE",0,"mat.trad"
"YC1P",0,1992,NA,NA,"6C3R",0,"mat.trad"
"PVPX",1,1992,NA,"7VG2","5CXO",0,"mat.trad"
"FTHA",0,1992,NA,"M8CU","OV1R",0,"mat.trad"
"42IX",1,1992,NA,NA,"D7IM",0,"mat.trad"
"1XMK",0,1992,NA,"1TUB","97V4",0,"mat.trad"
"DNWK",0,1992,NA,"8LG5","52FX",0,"mat.trad"
"4871",0,1992,NA,NA,"CQ31",0,"mat.trad"
"RXTC",0,1992,NA,NA,"XOHZ",0,"mat.trad"
"7RS8",1,1992,NA,NA,"LM47",0,"mat.trad"
"FI72",0,1992,NA,NA,"4DM1",0,"mat.trad"
"Q8AE",0,1992,NA,"3ARH","29II",1,"patrilineal"
"9317",1,1992,NA,"6YDR","GIU1",1,"patrilineal"
"XKD8",1,1992,NA,"5W5Z","LHPL",1,"patrilineal"
"4AOA",0,1992,NA,"3Z2M","ZDEB",1,"patrilineal"
"Z3GZ",1,1992,NA,"OA95","8A84",1,"patrilineal"
"CP2Z",0,1992,NA,"Y53J","D43J",1,"patrilineal"
"0DAZ",0,1992,NA,"33BN","8VN2",1,"patrilineal"
"G6SH",1,1993,NA,"AV83","JJTR",0,"mat.tourist"
"D4SL",1,1993,NA,NA,"5IQA",0,"mat.tourist"
"49YN",0,1993,NA,"4XHD","3PNJ",0,"mat.tourist"
"3NVE",0,1993,NA,"3T7I","ILQ4",0,"mat.tourist"
"FEDE",0,1993,NA,"7XT7","95DO",0,"mat.tourist"
"FTJI",1,1993,NA,"54LC","EZ4B",0,"mat.tourist"
"AOK6",0,1993,NA,NA,NA,0,"mat.tourist"
"I64T",0,1993,NA,NA,"S6SX",0,"mat.tourist"
"928N",0,1993,NA,"JKJJ","F82C",0,"mat.tourist"
"F331",1,1993,NA,"J4RI","O24F",0,"mat.tourist"
"5T7E",1,1993,NA,NA,"P1WW",0,"mat.tourist"
"5UBA",0,1993,NA,"P22B","KZ19",0,"mat.tourist"
"QT6D",0,1993,NA,"7T6H","0VIR",0,"mat.tourist"
"FPUV",1,1993,NA,NA,NA,0,"mat.trad"
"DH4J",0,1993,NA,NA,"X5HE",0,"mat.trad"
"2S27",0,1993,NA,"PU30","NYDJ",0,"mat.trad"
"Z7W5",0,1993,NA,NA,"ADQD",0,"mat.trad"
"79CA",1,1993,NA,"MUK1","PI4R",0,"mat.trad"
"DUT4",1,1993,NA,NA,"DK5H",0,"mat.trad"
"AHZD",1,1993,NA,"9P2U","ZBEP",0,"mat.trad"
"D2PH",1,1993,NA,"ZXTL","ZDFP",1,"patrilineal"
"X5WM",1,1993,NA,"ZW19","HI6C",1,"patrilineal"
"P8AT",1,1993,NA,"33BN","8VN2",1,"patrilineal"
"IUDT",1,1994,NA,NA,"V50H",0,"mat.tourist"
"LDTK",0,1994,NA,NA,NA,0,"mat.tourist"
"AT2Z",1,1994,NA,"5BLK","UZGL",0,"mat.tourist"
"7B4X",1,1994,NA,NA,"S1KB",0,"mat.tourist"
"TJWJ",0,1994,NA,"PU38","AGBT",0,"mat.tourist"
"V5RV",0,1994,NA,"KVHN","8MMC",0,"mat.tourist"
"VB3X",1,1994,NA,"5W0C","CMLR",0,"mat.tourist"
"LOMT",1,1994,NA,NA,"HLOK",0,"mat.tourist"
"P1MM",1,1994,NA,NA,"KGUS",0,"mat.tourist"
"S2FD",1,1994,NA,"Y6W1","WRKR",0,"mat.tourist"
"ZOGJ",0,1994,NA,"WXKD","7XV2",0,"mat.tourist"
"1HT8",0,1994,NA,"P22B","KZ19",0,"mat.tourist"
"BNOU",1,1994,NA,NA,"L1T5",0,"mat.trad"
"Q9AG",1,1994,NA,"KH9P","TJSC",0,"mat.trad"
"SL8V",0,1994,NA,NA,"Y6N4",0,"mat.trad"
"ITGA",1,1994,NA,NA,"6KEE",0,"mat.trad"
"IZRC",1,1994,NA,NA,"6C3R",0,"mat.trad"
"8DQL",0,1994,NA,NA,"0PS1",0,"mat.trad"
"VD1H",1,1994,NA,NA,"9940",0,"mat.trad"
"OFR0",0,1994,NA,"1TUB","97V4",0,"mat.trad"
"7JEX",1,1994,NA,NA,"MX46",0,"mat.trad"
"5ZRM",0,1994,NA,NA,"6WMH",0,"mat.trad"
"XURA",1,1994,NA,NA,"1GS5",0,"mat.trad"
"7K57",0,1994,NA,"YHR0","5NL9",0,"mat.trad"
"8WRK",1,1994,NA,NA,"RGFK",0,"mat.trad"
"68J3",0,1994,NA,"A3JK","UF3T",1,"patrilineal"
"SMSQ",1,1994,NA,"5OZK","NP7Z",1,"patrilineal"
"8GRR",0,1994,NA,"1J34","4T5G",1,"patrilineal"
"QY1I",0,1994,NA,"UN4N","P0V5",1,"patrilineal"
"248L",1,1994,NA,"Y53J","D43J",1,"patrilineal"
"60JD",1,1995,NA,"J4P9","HVL7",0,"mat.tourist"
"VIA3",1,1995,NA,"C6JC","MGKF",0,"mat.tourist"
"4X7M",1,1995,NA,"C6JC","MGKF",0,"mat.tourist"
"Q77M",1,1995,NA,"7XT7","95DO",0,"mat.tourist"
"0F1E",1,1995,NA,"G20C","3F1B",0,"mat.tourist"
"LRM9",1,1995,NA,"L27F","UK65",0,"mat.tourist"
"UDWS",0,1995,NA,"I4BO","10BD",0,"mat.tourist"
"QW8D",0,1995,NA,"1CMB","AYXW",0,"mat.trad"
"2EBP",0,1995,NA,NA,"X5HE",0,"mat.trad"
"4Y7Q",0,1995,NA,NA,"BI7S",0,"mat.trad"
"TITA",0,1995,NA,NA,"AL9M",0,"mat.trad"
"TER4",1,1995,NA,"2PBW","V9TG",0,"mat.trad"
"I47F",1,1995,NA,"M8CU","OV1R",0,"mat.trad"
"PM6W",1,1995,NA,"HIZ7","D5B9",0,"mat.trad"
"FIJN",1,1995,NA,NA,"D7IM",0,"mat.trad"
"OL34",0,1995,NA,NA,"MX46",0,"mat.trad"
"IC72",1,1995,NA,NA,"F4LV",0,"mat.trad"
"KTQP",1,1995,NA,"6YDR","GIU1",1,"patrilineal"
"206W",1,1995,NA,"ZW19","HI6C",1,"patrilineal"
"EB9M",1,1995,NA,"OA95","8A84",1,"patrilineal"
"JH0E",1,1996,NA,"65AF","C7OX",0,"mat.tourist"
"6N36",1,1996,NA,"4XHD","3PNJ",0,"mat.tourist"
"MDDG",1,1996,NA,"5BLK","UZGL",0,"mat.tourist"
"70HU",1,1996,NA,"JKJJ","F82C",0,"mat.tourist"
"6R8Q",1,1996,NA,NA,"S1KB",0,"mat.tourist"
"8GJ2",0,1996,NA,NA,"HLOK",0,"mat.tourist"
"YG87",0,1996,NA,"CQBT","33YT",0,"mat.tourist"
"QFZ4",1,1996,NA,"66AF","8UYY",0,"mat.tourist"
"ESXH",1,1996,NA,"WXKD","7XV2",0,"mat.tourist"
"W929",1,1996,NA,"KVIK","0HTE",0,"mat.tourist"
"IGRJ",0,1996,NA,"L27F","UK65",0,"mat.tourist"
"VGL3",0,1996,NA,"JDFL","BTOO",0,"mat.tourist"
"5PXN",0,1996,NA,NA,"DOWG",0,"mat.trad"
"V748",1,1996,NA,NA,"CT29",0,"mat.trad"
"QIAF",1,1996,NA,NA,NA,0,"mat.trad"
"GW18",1,1996,NA,"LDIV","YCIO",0,"mat.trad"
"GBY2",0,1996,NA,"1TUB","97V4",0,"mat.trad"
"1BZO",0,1996,NA,NA,"RGFK",0,"mat.trad"
"I8GH",0,1996,NA,NA,"IOMX",0,"mat.trad"
"UEJT",1,1996,NA,NA,"4WZK",0,"mat.trad"
"H44H",0,1996,NA,"ZXTL","ZDFP",1,"patrilineal"
"Z03K",0,1996,NA,"UN4N","P0V5",1,"patrilineal"
"EQDM",0,1996,NA,"U4DN","V9B0",1,"patrilineal"
"05EE",0,1996,NA,"WKWH","1574",1,"patrilineal"
"58BZ",1,1996,NA,"3Z2M","ZDEB",1,"patrilineal"
"Z73C",1,1996,NA,"NA8U","VFT4",1,"patrilineal"
"EDVY",0,1997,NA,NA,NA,0,"mat.tourist"
"ZUKM",0,1997,NA,"JLXE","UTM9",0,"mat.tourist"
"M0ND",1,1997,NA,"9SMZ","037M",0,"mat.tourist"
"9ZI3",0,1997,NA,"YWEM","AZT5",0,"mat.trad"
"L09N",0,1997,NA,"TJX5","1POY",0,"mat.trad"
"WEUV",1,1997,NA,NA,NA,0,"mat.trad"
"BDBJ",0,1997,NA,NA,"PGLY",0,"mat.trad"
"LYPG",1,1997,NA,NA,"9940",0,"mat.trad"
"I1A7",0,1997,NA,"MAJ7","ATTW",0,"mat.trad"
"LRUI",1,1997,NA,"LKYA","163G",0,"mat.trad"
"VRD5",1,1997,NA,"4OWB","47OW",0,"mat.trad"
"WOWT",0,1997,NA,NA,"F4LV",0,"mat.trad"
"5ZZC",1,1997,NA,NA,"ON2D",0,"mat.trad"
"WGS7",0,1997,NA,"8KD6","OKN3",1,"patrilineal"
"9B4R",0,1997,NA,"B0LQ","31L8",1,"patrilineal"
"KHZM",1,1997,NA,"TNEH","78M5",1,"patrilineal"
"YYP9",1,1998,NA,"AV83","JJTR",0,"mat.tourist"
"BZKF",0,1998,NA,NA,"XOTB",0,"mat.tourist"
"QJO8",0,1998,NA,NA,"EC8X",0,"mat.tourist"
"UB0S",1,1998,NA,"65AF","C7OX",0,"mat.tourist"
"Y2IP",1,1998,NA,NA,"MGKF",0,"mat.tourist"
"XQ11",1,1998,NA,NA,NA,0,"mat.tourist"
"Q16O",0,1998,NA,NA,"JM5L",0,"mat.tourist"
"3XCL",0,1998,NA,"Y1CE","023B",0,"mat.tourist"
"RG3U",0,1998,NA,"Y1CE","023B",0,"mat.tourist"
"EEFQ",1,1998,NA,NA,"D886",0,"mat.tourist"
"MLBL",1,1998,NA,"GR1R","WD9C",0,"mat.tourist"
"QFOU",0,1998,NA,"G20C","3F1B",0,"mat.tourist"
"MOX7",1,1998,NA,"ZFJ8","0HL0",0,"mat.tourist"
"TARO",1,1998,NA,"YICU","N5R9",0,"mat.trad"
"2H9Q",1,1998,NA,"1DWZ","QNDW",0,"mat.trad"
"YZLV",1,1998,NA,NA,NA,0,"mat.trad"
"WXOE",1,1998,NA,NA,"ADQD",0,"mat.trad"
"6XZX",0,1998,NA,"NAPH","1O7A",0,"mat.trad"
"GNEK",1,1998,NA,"8VYJ","XLP3",0,"mat.trad"
"U182",1,1998,NA,"A3JK","UF3T",1,"patrilineal"
"MQ1H",0,1998,NA,"QPKN","KNFD",1,"patrilineal"
"5Q6Y",0,1998,NA,"5OZK","NP7Z",1,"patrilineal"
"PNLI",0,1998,NA,"99EG","GZTA",1,"patrilineal"
"EKYJ",1,1998,NA,"A8LC","7NUK",1,"patrilineal"
"B67H",0,1998,NA,"5QOF","QKOI",1,"patrilineal"
"UQNF",1,1998,NA,"NA8U","VFT4",1,"patrilineal"
"5DVS",0,1999,NA,"P8EJ","ZZEA",0,"mat.tourist"
"Q0A4",0,1999,NA,"EXYV",NA,0,"mat.tourist"
"1UBE",1,1999,NA,NA,NA,0,"mat.tourist"
"F07M",1,1999,NA,"3U0V","DJAZ",0,"mat.tourist"
"8DKX",1,1999,NA,NA,"G3G1",0,"mat.tourist"
"JOLS",1,1999,NA,"KVIK","0HTE",0,"mat.tourist"
"RRI6",0,1999,NA,"M1LQ","BENN",0,"mat.tourist"
"616B",0,1999,NA,NA,"YXQW",0,"mat.trad"
"BUST",1,1999,NA,"ECMW","B3IZ",0,"mat.trad"
"RGFJ",1,1999,NA,"THWS","VQQ9",0,"mat.trad"
"9E7I",1,1999,NA,"HXZK","F082",0,"mat.trad"
"PROB",1,1999,NA,NA,"TDII",0,"mat.trad"
"A0QR",1,1999,NA,NA,"6HGW",0,"mat.trad"
"0ZLI",0,1999,NA,NA,"EUD6",0,"mat.trad"
"ZPQ6",1,1999,NA,"MAJ7","ATTW",0,"mat.trad"
"A3AM",1,1999,NA,NA,"I7UG",0,"mat.trad"
"L35R",1,1999,NA,"SDGL","O8C2",1,"patrilineal"
"GCW1",1,1999,NA,"WKWH","1574",1,"patrilineal"
"PVHM",0,1999,NA,"KDGP","TJV9",1,"patrilineal"
"XJ66",1,2000,NA,NA,NA,0,"mat.tourist"
"Y4RW",1,2000,NA,"Y1CE","023B",0,"mat.tourist"
"G6ZI",1,2000,NA,"Y1CE","023B",0,"mat.tourist"
"JGQP",1,2000,NA,NA,"VTIG",0,"mat.tourist"
"8BJ4",1,2000,NA,NA,"D886",0,"mat.tourist"
"43NG",0,2000,NA,"M1LQ","BENN",0,"mat.tourist"
"IAG6",1,2000,NA,"6WQH","EIBP",0,"mat.tourist"
"K0UW",0,2000,NA,NA,"6A8T",0,"mat.trad"
"SJWW",0,2000,NA,"7WRT","GCV2",0,"mat.trad"
"95DS",0,2000,NA,"HIZ7","D5B9",0,"mat.trad"
"BUCT",1,2000,NA,NA,"FKOL",0,"mat.trad"
"LJ0H",0,2000,NA,NA,"QPTU",0,"mat.trad"
"GFPN",0,2000,NA,"19Z8","4HJ5",0,"mat.trad"
"CWO8",0,2000,NA,NA,"M7Y2",0,"mat.trad"
"4IUQ",1,2000,NA,NA,NA,0,"mat.trad"
"NSTU",0,2000,NA,"U4DN","V9B0",1,"patrilineal"
"6C99",1,2000,NA,"5UCD","XGJG",1,"patrilineal"
"UBR3",1,2001,NA,NA,"XOTB",0,"mat.tourist"
"W5AD",1,2001,NA,"ROY0","FB1M",0,"mat.tourist"
"UORM",0,2001,NA,"P8EJ","ZZEA",0,"mat.tourist"
"IAZA",1,2001,NA,"EXYV",NA,0,"mat.tourist"
"ZPNK",0,2001,NA,NA,"FYA7",0,"mat.tourist"
"NO8N",0,2001,NA,"GR1R","WD9C",0,"mat.tourist"
"1BJG",1,2001,NA,"Y6W1","WRKR",0,"mat.tourist"
"XJCN",1,2001,NA,NA,"8WAQ",0,"mat.tourist"
"XIHI",1,2001,NA,"VN2C","133J",0,"mat.tourist"
"URIQ",1,2001,NA,"VN2C","133J",0,"mat.tourist"
"K9NQ",1,2001,NA,"B1YV",NA,0,"mat.trad"
"2Z2L",0,2001,NA,"YWEM","AZT5",0,"mat.trad"
"3056",0,2001,NA,"6C0D","PJMQ",0,"mat.trad"
"V3P4",1,2001,NA,"BB3Z",NA,0,"mat.trad"
"1CKO",1,2001,NA,"FCW0","YV0G",0,"mat.trad"
"55Z1",0,2001,NA,NA,"4JLG",0,"mat.trad"
"DUZF",0,2001,NA,"SOVG","N2MS",0,"mat.trad"
"5HX3",0,2001,NA,NA,"I7UG",0,"mat.trad"
"NYSI",0,2001,NA,NA,"PADM",0,"mat.trad"
"ZYNH",1,2001,NA,"4OWB","47OW",0,"mat.trad"
"W9CS",1,2001,NA,NA,"X1KH",0,"mat.trad"
"P9F1",0,2001,NA,"9LOD","JFBN",1,"patrilineal"
"6ZQQ",1,2001,NA,"1J34","4T5G",1,"patrilineal"
"1X5A",1,2001,NA,"A3EV","59N5",1,"patrilineal"
"Z5HQ",0,2001,NA,"WPR1","J8Z1",1,"patrilineal"
"AK24",0,2001,NA,"5QOF","QKOI",1,"patrilineal"
"AST9",0,2001,NA,"KDGP","TJV9",1,"patrilineal"
"UWN1",0,2002,NA,"1TNI","H7WR",0,"mat.tourist"
"BMQC",0,2002,NA,"GEZI","B4DW",0,"mat.tourist"
"IOZA",1,2002,NA,"ESYY","1J2Z",0,"mat.tourist"
"7FYR",1,2002,NA,NA,NA,0,"mat.tourist"
"F4XO",1,2002,NA,"3U0V","DJAZ",0,"mat.tourist"
"O2O6",1,2002,NA,NA,"JOV8",0,"mat.tourist"
"2R1U",0,2002,NA,"SCJX","GFBJ",0,"mat.tourist"
"VTA7",0,2002,NA,NA,"9G0E",0,"mat.tourist"
"DF5K",1,2002,NA,NA,"JIR0",0,"mat.tourist"
"WDDH",0,2002,NA,"Y6W1","WRKR",0,"mat.tourist"
"0MU7",0,2002,NA,"1YA0","ZPEO",0,"mat.tourist"
"3XK3",0,2002,NA,"KVIK","0HTE",0,"mat.tourist"
"2H85",1,2002,NA,"P2CN","HZEV",0,"mat.tourist"
"RLXH",0,2002,NA,"NCOQ","MI9Q",0,"mat.tourist"
"Z1FE",0,2002,NA,NA,"YXQW",0,"mat.trad"
"GU2V",0,2002,NA,"7WRT","GCV2",0,"mat.trad"
"6D46",0,2002,NA,"EAC7","1KRM",0,"mat.trad"
"EXSN",1,2002,NA,NA,"FKOL",0,"mat.trad"
"2W42",1,2002,NA,NA,"PQVN",0,"mat.trad"
"0OQX",0,2002,NA,"QPKN","KNFD",1,"patrilineal"
"QIIN",1,2002,NA,"8KD6","OKN3",1,"patrilineal"
"IE0C",0,2002,NA,"99EG","GZTA",1,"patrilineal"
"33AB",1,2002,NA,"N16P","MWQ4",1,"patrilineal"
"OI8P",1,2002,NA,"3Z2M","ZDEB",1,"patrilineal"
"NSDC",0,2003,NA,"EV85","7533",0,"mat.tourist"
"WDR3",0,2003,NA,NA,"JM5L",0,"mat.tourist"
"WP6P",0,2003,NA,NA,"LUDS",0,"mat.tourist"
"IDZJ",0,2003,NA,"JLXE","UTM9",0,"mat.tourist"
"RXKT",1,2003,NA,"8165","Q3OS",0,"mat.tourist"
"O1RN",0,2003,NA,NA,"KMS7",0,"mat.trad"
"QJEW",0,2003,NA,NA,"CT29",0,"mat.trad"
"WHHD",0,2003,NA,"CVQR","R05W",0,"mat.trad"
"DZ32",0,2003,NA,"ZYXH","OFFP",1,"patrilineal"
"BXY2",1,2003,NA,"SDGL","O8C2",1,"patrilineal"
"UK7B",0,2003,NA,"GLUU","TTLW",1,"patrilineal"
"60AF",0,2003,NA,"WPR1","J8Z1",1,"patrilineal"
"E5KX",1,2003,NA,"KQHF","C7QF",1,"patrilineal"
"Y7UZ",0,2004,NA,NA,"D2H9",0,"mat.tourist"
"OEWQ",0,2004,NA,NA,"84HL",0,"mat.tourist"
"Q9KI",0,2004,NA,NA,"UAOH",0,"mat.tourist"
"LGUO",0,2004,NA,NA,"03I5",0,"mat.tourist"
"H4BW",1,2004,NA,"R4YP","FR0B",0,"mat.tourist"
"68K1",1,2004,NA,NA,"WPMR",0,"mat.tourist"
"FG25",1,2004,NA,"9SMZ","037M",0,"mat.tourist"
"AL3C",1,2004,NA,"0VYZ","TA1I",0,"mat.trad"
"V2VS",1,2004,NA,NA,"8H8V",0,"mat.trad"
"FQCV",1,2004,NA,NA,"10R7",0,"mat.trad"
"YW9O",1,2004,NA,"THWS","VQQ9",0,"mat.trad"
"YCPS",1,2004,NA,"2PBW","V9TG",0,"mat.trad"
"ABQ6",0,2004,NA,"P8E0","UNP3",0,"mat.trad"
"41J3",1,2004,NA,"VY6Z","2CHY",0,"mat.trad"
"WWDC",1,2004,NA,"NAPH","1O7A",0,"mat.trad"
"SDWK",1,2004,NA,"L6NR","52KL",1,"patrilineal"
"QYCG",1,2004,NA,"GLUU","TTLW",1,"patrilineal"
"ZZGJ",1,2004,NA,"AWUD","HFXD",1,"patrilineal"
"V16B",1,2004,NA,"741K","9YNU",1,"patrilineal"
"Z772",1,2004,NA,"N16P","MWQ4",1,"patrilineal"
"S95U",1,2004,NA,"5UCD","XGJG",1,"patrilineal"
"2S36",0,2005,NA,"ROY0","FB1M",0,"mat.tourist"
"8R6L",0,2005,NA,NA,"5B5V",0,"mat.tourist"
"O3VG",1,2005,NA,"P2CN","HZEV",0,"mat.tourist"
"897K",0,2005,NA,"2JF9","V6Y1",0,"mat.tourist"
"YT40",0,2005,NA,"MVZ1","FRAX",0,"mat.trad"
"MOD7",1,2005,NA,"A8LC","7NUK",1,"patrilineal"
"0Q1J",0,2006,NA,NA,"C35N",0,"mat.tourist"
"FH8M",1,2006,NA,"UZDS","76XI",0,"mat.tourist"
"JUZO",0,2006,NA,NA,"G6GC",0,"mat.tourist"
"F8ME",0,2006,NA,NA,"XT14",0,"mat.tourist"
"JOJI",0,2006,NA,"G428","Y3FV",0,"mat.tourist"
"ZXAL",0,2006,NA,"YICU","N5R9",0,"mat.trad"
"ZR3X",1,2006,NA,NA,"DOWG",0,"mat.trad"
"N8GJ",1,2006,NA,"ECMW","B3IZ",0,"mat.trad"
"BCU1",0,2006,NA,NA,"IH5R",0,"mat.trad"
"GXOQ",1,2006,NA,"53PS","CB2A",0,"mat.trad"
"A0KL",0,2006,NA,"BC71",NA,0,"mat.trad"
"UG7G",0,2006,NA,NA,"OCLS",0,"mat.trad"
"T868",0,2006,NA,NA,"ON2D",0,"mat.trad"
"M8L5",1,2006,NA,"A3EV","59N5",1,"patrilineal"
"5GPD",1,2006,NA,"8PZA","1M5R",1,"patrilineal"
"6R4M",0,2006,NA,"4FGD","GQ2Q",1,"patrilineal"
"V6N5",1,2007,NA,NA,"JOV8",0,"mat.tourist"
"0YDL",1,2007,NA,NA,"G3G1",0,"mat.tourist"
"NQB1",1,2007,NA,NA,"G3G1",0,"mat.tourist"
"BRHG",1,2007,NA,NA,"8WAQ",0,"mat.tourist"
"0B3B",1,2007,NA,NA,"8WAQ",0,"mat.tourist"
"Z20T",0,2007,NA,"QLOF","DN4K",0,"mat.tourist"
"DLK4",1,2007,NA,NA,"IZKI",0,"mat.tourist"
"3BLK",0,2007,NA,"6T4Y","DLKY",0,"mat.trad"
"VC7V",1,2007,NA,NA,"6HGW",0,"mat.trad"
"N175",0,2007,NA,"2UBV","0GCH",1,"patrilineal"
"34FD",0,2008,NA,"NCWQ","TBGC",0,"mat.tourist"
"WWN6",1,2008,NA,"8165","Q3OS",0,"mat.tourist"
"ILVZ",0,2008,NA,"44FB","ZVLV",0,"mat.trad"
"BTIB",1,2008,NA,"UE95","90PS",0,"mat.trad"
"HQHE",1,2008,NA,NA,"3VXW",0,"mat.trad"
"N8DZ",1,2008,NA,"15C1","87J8",0,"mat.trad"
"8BKV",1,2008,NA,"15C1","87J8",0,"mat.trad"
"SYZ2",0,2008,NA,"AGYL","V307",0,"mat.trad"
"907H",0,2008,NA,"L0O6","QWHJ",0,"mat.trad"
"A5BE",1,2008,NA,NA,"7IIZ",0,"mat.trad"
"DPET",0,2008,NA,"AWUD","HFXD",1,"patrilineal"
"H1X1",1,2008,NA,NA,"RQTV",1,"patrilineal"
"H0OU",1,2008,NA,NA,"1TQ6",1,"patrilineal"
